bookID,authorFirst,authorLast
87209794,Nancy,Springer
87209851,Nancy,Springer
87209903,Nancy,Springer
87209922,Nancy,Springer
87209962,Nancy,Springer
87210067,Ann,Marston
87210078,Ann,Marston
87210135,Ann,Marston
87210415,"Octavia E.",Butler
87210454,"Octavia E.",Butler
87210592,"Octavia E.",Butler
87210610,"Kim Stanley",Robinson
87210622,"Kim Stanley",Robinson
87210629,"Kim Stanley",Robinson
87210631,"Kim Stanley",Robinson
87210641,Greg,Bear
87210663,Greg,Bear
87210682,Greg,Bear
87210691,Greg,Bear
87210707,"Russ T.",Howard
87210717,Nigel,Findley
87210747,Elaine,Cunningham
87210752,"Roger E.",Moore
87210764,Nigel,Findley
87210771,David,Cook
87210777,Greg,Bear
87210783,Greg,Bear
87210798,"W. T.",Quick
87210801,"W. T.",Quick
87210806,"W. T.",Quick
87210823,Chris,Claremont
87210831,Chris,Claremont
87210855,Chris,Claremont
87210896,Greg,Bear
87210904,Greg,Bear
87210905,Greg,Bear
87210931,Jan,Siegel
87210940,Jan,Siegel
87210948,Jan,Siegel
87210959,David,Eddings
87210959,Leigh,Eddings
87210968,David,Eddings
87210978,David,Eddings
87210984,David,Eddings
87210988,David,Eddings
87210993,David,Eddings
87211025,"Mickey Zucker",Reichert
87211028,"Mickey Zucker",Reichert
87211032,"Mickey Zucker",Reichert
87211036,"Mickey Zucker",Reichert
87211038,"Mickey Zucker",Reichert
87211055,Jennifer,Roberson
87211067,Jennifer,Roberson
87211073,Jennifer,Roberson
87211079,Jennifer,Roberson
87211087,Jennifer,Roberson
87211089,Jennifer,Roberson
87211096,Dave,Wolverton
87211100,Dave,Wolverton
87211103,Dave,Wolverton
87211110,Jennifer,Fallon
87211113,Jennifer,Fallon
87211120,Phyllis,Eisenstein
87211125,Phyllis,Eisenstein
87211134,Crawford,Kilian
87211136,Crawford,Kilian
87211140,Crawford,Kilian
87211353,David,Eddings
87211353,Leigh,Eddings
87239188,Anne,McCaffrey
87239202,Anne,McCaffrey
87239202,Margaret,Ball
87239213,Anne,McCaffrey
87239213,"Elizabeth Ann",Scarborough
87239222,Anne,McCaffrey
87239222,"Elizabeth Ann",Scarborough
87239238,Anne,McCaffrey
87239238,"Elizabeth Ann",Scarborough
87239257,Anne,McCaffrey
87239257,"Elizabeth Ann",Scarborough
87239268,Anne,McCaffrey
87239268,"Elizabeth Ann",Scarborough
87239282,Anne,McCaffrey
87239282,"Elizabeth Ann",Scarborough
87239290,Anne,McCaffrey
87239290,"Elizabeth Ann",Scarborough
87239327,"Elizabeth Ann",Scarborough
87256606,Poul,Anderson
87257229,Poul,Anderson
87257304,Poul,Anderson
87257332,Poul,Anderson
87257347,Poul,Anderson
87257394,Frank,Frazetta
87257394,"James R.",Silke
87257416,Frank,Frazetta
87257416,"James R.",Silke
87257437,Frank,Frazetta
87257437,"James R.",Silke
87257452,Frank,Frazetta
87257452,"James R.",Silke
87257562,"Deborah Turner",Harris
87257562,Katherine,Kurtz
87257606,"Deborah Turner",Harris
87257606,Katherine,Kurtz
87257624,"Deborah Turner",Harris
87257624,Katherine,Kurtz
87257636,"Deborah Turner",Harris
87257636,Katherine,Kurtz
87257649,"Deborah Turner",Harris
87257649,Katherine,Kurtz
87257753,Dean,Ing
87257770,Dean,Ing
87257784,Dean,Ing
87257858,Piers,Anthony
87257872,Piers,Anthony
87257889,Piers,Anthony
87258095,Justin,Leiber
87258119,Justin,Leiber
87258190,Janet,Morris
87258215,Janet,Morris
87258247,Janet,Morris
87258279,Janet,Morris
87258308,"Alan Dean",Foster
87258365,"Alan Dean",Foster
87258391,"Alan Dean",Foster
87258413,"Alan Dean",Foster
87258431,"Alan Dean",Foster
87258448,"Alan Dean",Foster
87258470,"Alan Dean",Foster
87258481,"Alan Dean",Foster
87258506,"Alan Dean",Foster
87258553,"Alan Dean",Foster
87258566,"Alan Dean",Foster
87258574,"Alan Dean",Foster
87258578,"Alan Dean",Foster
87258599,"Alan Dean",Foster
87258612,"Alan Dean",Foster
87258624,"Alan Dean",Foster
87258627,"Alan Dean",Foster
87258637,"Alan Dean",Foster
87259007,Gregory,Benford
87259023,Gregory,Benford
87259059,Lin,Carter
87259191,Lin,Carter
87259246,Lin,Carter
87259304,Lin,Carter
87259354,Jane,Gaskell
87259378,Jane,Gaskell
87259424,Jane,Gaskell
87259647,Jane,Gaskell
87259742,Jane,Gaskell
87259762,Robert,Adams
87259779,Robert,Adams
87259795,Robert,Adams
87259803,Robert,Adams
87259809,Robert,Adams
87259812,Robert,Adams
87259816,Robert,Adams
87259821,Robert,Adams
87259829,Robert,Adams
87259833,Robert,Adams
87259843,Robert,Adams
87259851,Robert,Adams
87259864,Robert,Adams
87259868,Robert,Adams
87259875,Robert,Adams
87259888,Robert,Adams
87259895,Robert,Adams
87259904,Robert,Adams
87259908,Robert,Adams
87259910,Robert,Adams
87259943,"James P.",Hogan
87259964,"James P.",Hogan
87259989,"James P.",Hogan
87260036,"James P.",Hogan
87260094,"Richard A.",Lupoff
87260109,"Richard A.",Lupoff
87260152,Mercedes,Lackey
87260175,Mercedes,Lackey
87260201,Mercedes,Lackey
87260213,Mercedes,Lackey
87260233,Mercedes,Lackey
87260248,Mercedes,Lackey
87260273,Mercedes,Lackey
87260306,Mercedes,Lackey
87260318,Mercedes,Lackey
87260436,Mercedes,Lackey
87260462,Mercedes,Lackey
87260462,James,Mallory
87260476,Mercedes,Lackey
87260476,James,Mallory
87260548,Mercedes,Lackey
87260548,James,Mallory
87260565,Mercedes,Lackey
87260579,Mercedes,Lackey
87260589,Mercedes,Lackey
87260598,Mercedes,Lackey
87260608,Mercedes,Lackey
87260611,Mercedes,Lackey
87260616,Mercedes,Lackey
87260621,Mercedes,Lackey
87260622,Mercedes,Lackey
87260656,Anne,McCaffrey
87260684,Anne,McCaffrey
87260710,Anne,McCaffrey
87260726,Anne,McCaffrey
87260756,Anne,McCaffrey
87260772,Anne,McCaffrey
87260784,Anne,McCaffrey
87260799,Anne,McCaffrey
87260858,Tracy,Hickman
87260858,Margaret,Weis
87260881,Tracy,Hickman
87260881,Margaret,Weis
87260920,Tracy,Hickman
87260920,Margaret,Weis
87260987,Margaret,Weis
87260992,Margaret,Weis
87261001,"Richard A.",Knaak
87261016,Michael,Williams
87261030,Nancy,Berberick
87261035,Tracy,Hickman
87261035,Margaret,Weis
87261474,Richard,McEnroe
87261494,Richard,McEnroe
87261531,Brian,Jacques
87261552,Brian,Jacques
87261564,Brian,Jacques
87261625,"Kim Stanley",Robinson
87261692,Tony,Daniel
87261748,T.A.,Pratt
87261767,Marvin,Kaye
87261767,Parke,Godwin
87261785,Marvin,Kaye
87261785,Parke,Godwin
87261813,Ben,Bova
87261838,"S. L.",Viehl
87261872,"G. H.",Stine
87261889,Lyndon,Hardy
87261902,Jaan,Kangilaski
87261939,"T. H.",White
87280987,Ben,Bova
87281001,Ben,Bova
87281017,Ben,Bova
87281028,Ben,Bova
87281033,Ben,Bova
87281041,Ben,Bova
87281073,Ben,Bova
87281088,Ben,Bova
87281096,Ben,Bova
87281105,Ben,Bova
87281123,Ben,Bova
87281144,Ben,Bova
87281162,Ben,Bova
87281173,Ben,Bova
87281191,Ben,Bova
87281231,"S. L.",Viehl
87281237,"S. L.",Viehl
87281264,"S. L.",Viehl
87281270,"S. L.",Viehl
87281274,"S. L.",Viehl
87281299,"S. L.",Viehl
87281313,"S. L.",Viehl
87281318,"S. L.",Viehl
87281325,"S. L.",Viehl
87281337,"S. L.",Viehl
87281347,"S. L.",Viehl
87281376,Lyndon,Hardy
87281386,Lyndon,Hardy
87281432,David,Eddings
87281432,Leigh,Eddings
87281469,David,Eddings
87281469,Leigh,Eddings
87281520,Jean,Auel
87281542,Jean,Auel
87281550,Jean,Auel
87281563,Jean,Auel
87281569,Jean,Auel
87281632,Janet,Morris
87281659,Janet,Morris
87281669,Janet,Morris
87281725,Sara,Douglass
87281741,Sara,Douglass
87281746,Sara,Douglass
87281755,Sara,Douglass
87281774,Katharine,Kerr
87281798,Katharine,Kerr
87281806,Katharine,Kerr
87281815,Katharine,Kerr
87281820,Katharine,Kerr
87281830,Katharine,Kerr
87281838,Katharine,Kerr
87281850,Katharine,Kerr
87281877,Katharine,Kerr
87281884,Katharine,Kerr
87281896,Katharine,Kerr
87281900,Katharine,Kerr
87281908,Katharine,Kerr
87281911,Katharine,Kerr
87281915,Katharine,Kerr
87281937,Kevin,Anderson
87281937,Brian,Herbert
87281952,Kevin,Anderson
87281952,Brian,Herbert
87281968,Kevin,Anderson
87281968,Brian,Herbert
87281993,David,Feintuch
87282002,David,Feintuch
87282010,David,Feintuch
87282016,David,Feintuch
87282031,David,Feintuch
87282042,David,Feintuch
87282046,David,Feintuch
87282087,Kristen,Britain
87282100,Kristen,Britain
87282111,Kristen,Britain
87282120,Kristen,Britain
87282176,Alma,Alexander
87282187,Alma,Alexander
87282196,Elizabeth,Haydon
87282214,Elizabeth,Haydon
87282216,Elizabeth,Haydon
87282218,Elizabeth,Haydon
87282222,Elizabeth,Haydon
87282227,Elizabeth,Haydon
87282303,Tanith,Lee
87282320,"Philip Jose",Farmer
87282331,"Philip Jose",Farmer
87282332,"Philip Jose",Farmer
87282333,"Philip Jose",Farmer
87282335,"Philip Jose",Farmer
87282339,"Philip Jose",Farmer
87282347,"Philip Jose",Farmer
87282348,Trudi,Canavan
87282353,Trudi,Canavan
87282356,Trudi,Canavan
87282358,Trudi,Canavan
87282374,Roger,Allen
87282387,David,Farland
87282390,David,Farland
87282400,David,Farland
87282406,David,Farland
87282412,David,Farland
87282422,David,Farland
87282427,David,Farland
87282432,David,Farland
87282437,Elizabeth,Gilligan
87282449,Elizabeth,Gilligan
87315846,Allan,Cole
87315852,Allan,Cole
87315854,Jaan,Kangilaski
87315878,Poul,Anderson
87315887,Poul,Anderson
87315903,"T. H.",White
87315921,Tanya,Huff
87315927,Tanya,Huff
87315929,Tanya,Huff
87315980,Larry,Niven
87315980,Jerry,Pournelle
87315992,Jerry,Pournelle
87315997,Larry,Niven
87315997,Jerry,Pournelle
87315999,Jerry,Pournelle
87316004,Roger,Allen
87316025,Lynn,Abbey
87316029,Lynn,Abbey
87316030,Lynn,Abbey
87316046,Andre,Norton
87316046,Sasha,Miller
87316051,Andre,Norton
87316051,Sasha,Miller
87316055,Andre,Norton
87316055,Sasha,Miller
87316057,Andre,Norton
87316057,Sasha,Miller
87316058,Andre,Norton
87316058,Sasha,Miller
87316063,"Patricia A.",McKillip
87316066,"Patricia A.",McKillip
87316068,"Patricia A.",McKillip
87316070,"Madeleine E.",Robins
87316085,Harry,Turtledove
87316091,Harry,Turtledove
87316096,Harry,Turtledove
87316098,Harry,Turtledove
87316100,Harry,Turtledove
87316103,Harry,Turtledove
87316108,Harry,Turtledove
87316111,Harry,Turtledove
87316120,"Raymond E",Feist
87316136,"Raymond E",Feist
87316141,"Raymond E",Feist
87316141,F.M.,Stirling
87316148,"Raymond E",Feist
87316148,"William R.",Forstchen
87316152,"Raymond E",Feist
87316152,Janny,Wurts
87316154,"Raymond E",Feist
87316156,"Raymond E",Feist
87316160,"Raymond E",Feist
87316160,Janny,Wurts
87316164,"Raymond E",Feist
87316164,Janny,Wurts
87316176,"Raymond E",Feist
87316177,"Raymond E",Feist
87316182,"Raymond E",Feist
87316185,"Raymond E",Feist
87316187,"Raymond E",Feist
87316188,"Raymond E",Feist
87316191,"Raymond E",Feist
87316192,"Raymond E",Feist
87316194,"Raymond E",Feist
87316196,"Raymond E",Feist
87316199,"Raymond E",Feist
87316200,"Raymond E",Feist
87316204,"Raymond E",Feist
87316222,Curt,Benjamin
87316227,Curt,Benjamin
87316230,Curt,Benjamin
87316231,Curt,Benjamin
87316245,"Donald E.",Westlake
87316252,Chris,Curry
87316309,"R. A.",Salvatore
87316314,"R. A.",Salvatore
87316316,"R. A.",Salvatore
87316317,"R. A.",Salvatore
87316321,David,Lindsay
87316327,"Michael G.",Coney
87316330,Michael,Coney
87316335,Michael,Coney
87316339,Frank,Herbert
87316347,Frank,Herbert
87316349,Frank,Herbert
87316356,Niel,Hancock
87316358,Niel,Hancock
87316364,Niel,Hancock
87316366,Niel,Hancock
87316371,"C .J.",Cherryh
87316393,"C .J.",Cherryh
87316395,"C .J.",Cherryh
87316397,"C .J.",Cherryh
87316398,"C .J.",Cherryh
87316399,"C .J.",Cherryh
87316401,"C .J.",Cherryh
87316402,"C .J.",Cherryh
87316406,"C .J.",Cherryh
87316410,"C .J.",Cherryh
87316411,"C .J.",Cherryh
87316414,"C .J.",Cherryh
87316416,"C .J.",Cherryh
87316419,"C .J.",Cherryh
87316425,"C .J.",Cherryh
87316427,"C .J.",Cherryh
87316429,"C .J.",Cherryh
87316431,"C .J.",Cherryh
87316435,"C .J.",Cherryh
87316440,"C .J.",Cherryh
87316443,"C .J.",Cherryh
87316446,"C .J.",Cherryh
87316450,"C .J.",Cherryh
87316456,"C .J.",Cherryh
87316463,"C .J.",Cherryh
87316468,"C .J.",Cherryh
87316472,"C .J.",Cherryh
87316474,"C .J.",Cherryh
87316477,"C .J.",Cherryh
87316482,"C .J.",Cherryh
87346599,Poul,Anderson
87346612,Poul,Anderson
87346634,Poul,Anderson
87346640,Poul,Anderson
87346661,Poul,Anderson
87346671,Poul,Anderson
87346688,Poul,Anderson
87346698,Martin,Caidin
87346704,Martin,Caidin
87349367,Piers,Anthony
87349378,Piers,Anthony
87349388,Piers,Anthony
87349388,Roberto,Fuentes
87349398,Robert,Silverberg
87349410,Robert,Silverberg
87349418,"Kim Stanley",Robinson
87349430,"Kim Stanley",Robinson
87349446,"A. E.","Van Vogt"
87349459,"A. E.","Van Vogt"
87349462,"A. E.","Van Vogt"
87349490,"Ursula K.","Le Guin"
87349520,"Ursula K.","Le Guin"
87349527,"Ursula K.","Le Guin"
87349537,"Ursula K.","Le Guin"
87349545,"Ursula K.","Le Guin"
87349550,"Ursula K.","Le Guin"
87349561,"Ursula K.","Le Guin"
87349579,"Ursula K.","Le Guin"
87349584,"Ursula K.","Le Guin"
87349599,"Ursula K.","Le Guin"
87349607,"Ursula K.","Le Guin"
87349642,"Ursula K.","Le Guin"
87349645,"Ursula K.","Le Guin"
87349651,"Ursula K.","Le Guin"
87349653,"Ursula K.","Le Guin"
87349657,"Ursula K.","Le Guin"
87349663,"Ursula K.","Le Guin"
87349668,"Ursula K.","Le Guin"
87349673,"Ursula K.","Le Guin"
87408254,"Susan R.",Matthews
87408266,Larry,Niven
87408266,Jerry,Pournelle
87408279,"Robert Moore",Williams
87408310,Bruce,Sterling
87408324,Fletcher,Pratt
87408337,Frederick,Pohl
87408348,"Robert E.","Toomey Jr."
87408381,"Raymond Z.",Gallun
87408389,Ron,Goulart
87408394,Joe,Haldeman
87408400,Joe,Haldeman
87408410,Joe,Haldeman
87408418,Harry,Harrison
87408418,Marvin,Minsky
87408431,Harry,Harrison
87408435,Katherine,Kurtz
87408441,Murray,Leinster
87408447,"Sam J",Lundwall
87408453,"Elizabeth A.",Lynn
87408462,"Robert A.",Heinlein
87408475,"Robert A.",Heinlein
87408553,Robert,Holdstock
87408560,Robert,Holdstock
87408562,Robert,Holdstock
87408569,Robert,Holdstock
87408574,Robert,Holdstock
87408580,Robert,Holdstock
87408587,Robert,Holdstock
87408593,"L. Ron",Hubbard
87408615,Avram,Davidson
87408621,Avram,Davidson
87408625,Lester,"Del Rey"
87408634,"Gordon R.",Dickson
87408644,"Gordon R.",Dickson
87408652,Michael,Elder
87408656,"K. W.",Jeter
87408660,"Philip Jose",Farmer
87408665,"Raymond E",Feist
87408677,Kenneth,Flint
87408695,"Alan Dean",Foster
87408729,"Alan Dean",Foster
87408748,Douglas,Adams
87408752,Douglas,Adams
87408760,Patricia,Anthony
87408773,George,Bamber
87408778,Greg,Bear
87408782,James,Blish
87408792,Ben,Bova
87408801,"Marion Zimmer",Bradley
87408801,"Paul Edwin",Zimmer
87408809,"Marion Zimmer",Bradley
87408809,"Paul Edwin",Zimmer
87408812,"Marion Zimmer",Bradley
87408843,"Marion Zimmer",Bradley
87408876,William,Burkett
87408881,"F. M.",Busby
87408893,John,Case
87408898,Susan,Coon
87408902,Susan,Coon
87408907,Joan,Cox
87408918,"Walter M.",Miller
87409069,"Walter M.",Miller
87409104,Andre,Norton
87409118,Andrew,Offutt
87409138,John,Gribbin
87409138,Douglas,Orgill
87409189,Jane,Parkhurst
87409200,Frederick,Pohl
87409253,Fred,Saberhagen
87409279,Melissa,Scott
87409308,"Clifford D.",Simak
87409313,"L. Neil",Smith
87409335,Norman,Spinrad
87409346,"Brian M",Stableford
87409358,Allen,Steele
87409364,Allen,Steele
87409394,Allen,Steele
87409430,Allen,Steele
87409441,"G. H.",Stine
87409456,Shirley,Meier
87409456,"G. H.",Stine
87409460,Shirley,Meier
87409460,"G. H.",Stine
87409463,Shirley,Meier
87409467,Karen,Wehrstein
87409469,Karen,Wehrstein
87409474,Shirley,Meier
87409483,John,Tigges
87409485,Michael,Swanwick
87409487,Jules,Verne
87409492,Robert,Wells
87409498,Wallace,West
87409503,"T. H.",White
87409509,"Walter Jon",Williams
87409511,"F. Paul",Wilson
87409514,"F. Paul",Wilson
87409521,"F. Paul",Wilson
87409524,"F. Paul",Wilson
87409532,"F. Paul",Wilson
87533764,Brian,Jacques
87570965,,Helprin
87570974,Roger,Allen
87570989,Colin,Greenland
87571004,Chris,Bunch
87571004,Allan,Cole
87571047,"Dennis L.",McKiernan
87571063,"Dennis L.",McKiernan
87571074,"Dennis L.",McKiernan
87571082,"Dennis L.",McKiernan
87571088,"Dennis L.",McKiernan
87571092,"Dennis L.",McKiernan
87571096,"Dennis L.",McKiernan
87571102,"Dennis L.",McKiernan
87571106,"Dennis L.",McKiernan
87571111,"Dennis L.",McKiernan
87571116,"Dennis L.",McKiernan
87571127,"Dennis L.",McKiernan
87571135,"Dennis L.",McKiernan
87571141,"Dennis L.",McKiernan
87571143,"Dennis L.",McKiernan
87571158,"Lois McMaster",Bujold
87571170,"Lois McMaster",Bujold
87571172,"Lois McMaster",Bujold
87571180,"Lois McMaster",Bujold
87571183,"Lois McMaster",Bujold
87571184,"Lois McMaster",Bujold
87571187,"Lois McMaster",Bujold
87571197,"Lois McMaster",Bujold
87571214,"Lois McMaster",Bujold
87571219,"Lois McMaster",Bujold
87571223,"Lois McMaster",Bujold
87571231,"Lois McMaster",Bujold
87571235,"Lois McMaster",Bujold
87571245,"Lois McMaster",Bujold
87571252,"Lois McMaster",Bujold
87571264,Chris,Bunch
87571264,Allan,Cole
87571271,Chris,Bunch
87571271,Allan,Cole
87571274,Chris,Bunch
87571274,Allan,Cole
87571282,Chris,Bunch
87571282,Allan,Cole
87571293,Chris,Bunch
87571293,Allan,Cole
87571299,Chris,Bunch
87571299,Allan,Cole
87571305,Chris,Bunch
87571305,Allan,Cole
87571335,"Frank Belknap",Long
87571377,James,Axler
87571405,Roger,Zelazny
87571405,"Dean Wesley",Smith
87571426,Keith,Laumer
87571435,Keith,Laumer
87571438,Keith,Laumer
87571440,Keith,Laumer
87571443,Keith,Laumer
87571448,Keith,Laumer
87571451,Keith,Laumer
87571452,Keith,Laumer
87571454,Keith,Laumer
87571456,Keith,Laumer
87571463,Keith,Laumer
87571465,Keith,Laumer
87571467,Keith,Laumer
87571473,Keith,Laumer
87571474,Keith,Laumer
87571477,Keith,Laumer
87571480,Keith,Laumer
87571487,"William H.",Keith
87571487,Keith,Laumer
87571493,Fritz,Leiber
87571503,Fritz,Leiber
87571508,Fritz,Leiber
87571514,Fritz,Leiber
87571517,Fritz,Leiber
87571525,Fritz,Leiber
87571526,Robin,Bailey
87571530,Roger,Zelazny
87571536,Roger,Zelazny
87571539,Roger,Zelazny
87571541,Roger,Zelazny
87571547,Roger,Zelazny
87571556,"S. L.",Viehl
87571560,"George R. R.",Martin
87571560,Lisa,Tuttle
87571583,Richard,Cowper
87571590,Poul,Anderson
87571614,Jack,Williamson
87571620,"A. E.","Van Vogt"
87571625,"A. E.","Van Vogt"
87571630,R.,Stacy
87571637,Andre,Norton
87571663,Andre,Norton
87571671,Andre,Norton
87571679,Andre,Norton
87571685,Andre,Norton
87571685,"P. M.",Griffin
87571696,Andre,Norton
87571696,Sherwood,Smith
87571699,Andre,Norton
87571699,Sherwood,Smith
87571708,Allen,Steele
87571718,Kenneth,Bulmer
87571727,Jerry,Ahern
87571732,"E. E.",Smith
87571737,"E. E.",Smith
87571749,Chris,Bunch
87571749,Allan,Cole
87571756,Daniel,Ransom
87571762,"L. E.",Modesitt
87571770,"L. E.",Modesitt
87571776,"L. E.",Modesitt
87571784,"L. E.",Modesitt
87571791,"L. E.",Modesitt
87571800,Dan,Morgan
87571804,Gregory,Benford
87571804,David,Brin
87571809,Jerry,Pournelle
87571816,"E. E.",Smith
87571825,"E. E.",Smith
87571828,Piers,Anthony
87571831,David,Bischoff
87571831,"Thomas F.",Monteleon
87571837,David,Bischoff
87571837,"Thomas F.",Monteleon
87571849,David,Bischoff
87571849,"Thomas F.",Monteleon
87608321,Mark,Anthony
87608324,Mark,Anthony
87608329,Mark,Anthony
87608340,Mark,Anthony
87608345,Terry,Pratchett
87608351,Terry,Pratchett
87608352,Terry,Pratchett
87608353,Terry,Pratchett
87608354,Terry,Pratchett
87608358,Terry,Pratchett
87608359,Terry,Pratchett
87608361,Terry,Pratchett
87608366,Terry,Pratchett
87608371,Terry,Pratchett
87608374,Terry,Pratchett
87608377,Terry,Pratchett
87608380,Terry,Pratchett
87608381,Terry,Pratchett
87608383,Terry,Pratchett
87608384,Terry,Pratchett
87608386,Terry,Pratchett
87608388,Terry,Pratchett
87608392,Terry,Pratchett
87608398,Terry,Pratchett
87608402,Terry,Pratchett
87608404,Terry,Pratchett
87608407,Terry,Pratchett
87608409,Terry,Pratchett
87608411,Terry,Pratchett
87608412,Terry,Pratchett
87608415,Terry,Pratchett
87608418,Terry,Pratchett
87608421,Terry,Pratchett
87608422,Terry,Pratchett
87608425,Terry,Pratchett
87608428,Terry,Pratchett
87608429,Terry,Pratchett
87608432,Terry,Pratchett
87608435,Terry,Pratchett
87608436,Terry,Pratchett
87608437,Terry,Pratchett
87608438,Terry,Pratchett
87608441,Terry,Pratchett
87608443," John",Barnes
87608443,Larry,Niven
87608446," John",Barnes
87608446,Larry,Niven
87608448,Larry,Niven
87608451," John",Barnes
87608451,Larry,Niven
87608452,"L. E.",Modesitt
87608461,"L. E.",Modesitt
87608462,"L. E.",Modesitt
87608472,"L. E.",Modesitt
87608474,"L. E.",Modesitt
87608477,"L. E.",Modesitt
87608480,"L. E.",Modesitt
87608481,"L. E.",Modesitt
87608496,"L. E.",Modesitt
87608501,"L. E.",Modesitt
87608505,"L. E.",Modesitt
87608508,"L. E.",Modesitt
87608513,"L. E.",Modesitt
87608517,"L. E.",Modesitt
87608536,Chris,Bunch
87608536,Allan,Cole
87653618,Chris,Bunch
87653627,Chris,Bunch
87653630,Chris,Bunch
87653633,"Simon R",Green
87653666,"Simon R",Green
87653670,"Simon R",Green
87653676,"Simon R",Green
87653685,"Simon R",Green
87653689,"Simon R",Green
87653697,"Simon R",Green
87653700,"Simon R",Green
87653709,"Simon R",Green
87653734,Stephen,Baxter
87653758,Stephen,Baxter
87653764,Stephen,Baxter
87653771,"L. E.",Modesitt
87653798,"E. C",Tubb
87653818,Margaret,Bonanno
87653825,Margaret,Bonanno
87653829,Margaret,Bonanno
87654104,David,Zindell
87654120,David,Zindell
87654126,David,Zindell
87654130,David,Zindell
87654141,David,Gerrold
87654158,David,Gerrold
87654160,David,Gerrold
87654163,David,Gerrold
87654180,Mercedes,Lackey
87654187,Mercedes,Lackey
87654191,Mercedes,Lackey
87654203,Nancy,McKenzie
87654218,Nancy,McKenzie
87654256,Steven,Brust
87654264,Steven,Brust
87654274,Steven,Brust
87654285,Steven,Brust
87654289,Steven,Brust
87654292,Steven,Brust
87654334,Steven,Brust
87654338,Steven,Brust
87654342,Steven,Brust
87654346,Steven,Brust
87654354,Steven,Brust
87654358,Steven,Brust
87654366,Steven,Brust
87654396,Barbara,Hambly
87654402,Barbara,Hambly
87654412,Barbara,Hambly
87654421,Barbara,Hambly
87654453,Gregory,Benford
87654457,"Lois McMaster",Bujold
87654490,Tracy,Hickman
87654494,Tracy,Hickman
87654499,Tracy,Hickman
87654516,Tom,Deitz
87654524,Tom,Deitz
87654531,Tom,Deitz
87654543,Tom,Deitz
87654565,Lawrence,Watt-Evans
87654569,Lawrence,Watt-Evans
87654573,Lawrence,Watt-Evans
87654576,Lawrence,Watt-Evans
87654592,James,Axler
87654600,James,Axler
87654617,Simon,Hawke
87654621,Simon,Hawke
87654627,Simon,Hawke
87654633,Simon,Hawke
87654638,Simon,Hawke
87654642,Simon,Hawke
87654645,Simon,Hawke
87654648,Simon,Hawke
87654651,Simon,Hawke
87654659,Simon,Hawke
87654662,Simon,Hawke
87654665,Simon,Hawke
87654675,Marcia,Bennett
87654678,Marcia,Bennett
87654686,Marcia,Bennett
87654688,Marcia,Bennett
87654711,David,Eddings
87654711,Leigh,Eddings
87655065,Christopher,Stasheff
87655102,Christopher,Stasheff
87655110,Poul,Anderson
87655117,Poul,Anderson
87655124,Poul,Anderson
87655128,Poul,Anderson
87655137,Frank,Herbert
87655137,B.,Ransom
87655145,Frank,Herbert
87655149,Frank,Herbert
87655159,Harry,Turtledove
87655172,Harry,Turtledove
87655176,Harry,Turtledove
87683029,Roger,Zelazny
87683041,Theodore,Sturgeon
87683057,Murray,Leinster
87683057,Francis,Bellamy
87683067,Martin,Greenberg
87683080,Lin,Carter
87683086,Lin,Carter
87683094,Lin,Carter
87683095,Lin,Carter
87683098,Lin,Carter
87683114,Stephen,Goldin
87683136,Carl,Sherrell
87683150,William,Tuning
87683186,"H. Beam",Piper
87683214,John,Scalzi
87683319,Ron,Goulart
87683362,Victor,Appleton
87683403,"J. W.",Groves
87748648,Mark,Anthony
87777572,Bruce,Coville
87777594,"Richard A.",Lupoff
87777611,Charles,"De Lint"
87777618,Robin,Bailey
87777624,"Philip Jose",Farmer
87777624,Charles,"De Lint"
87777638,"Philip Jose",Farmer
87777665,"Arthur C.",Clarke
87777695,William,Gibson
87777703,William,Gibson
87777707,William,Gibson
87777733,John,Cramer
87777746,Ed,Greenwood
87777754,Ed,Greenwood
87777758,Ed,Greenwood
87777766,Ed,Greenwood
87777778,Mark,Anthony
87868628,"William C.",Dietz
87868637,"William C.",Dietz
87868644,"William C.",Dietz
87868650,"William C.",Dietz
87868653,"William C.",Dietz
87868654,"William C.",Dietz
87868657,"William C.",Dietz
87868662,"William C.",Dietz
87868682,Robert,Jordan
87868688,Robert,Jordan
87868693,Robert,Jordan
87868723,Robert,Jordan
87868737,Robert,Jordan
87868741,Robert,Jordan
87868749,Robert,Jordan
87868759,Robert,Jordan
87868767,Robert,Jordan
87868782,Robert,Jordan
87868795,Robert,Jordan
87868798,Robert,Jordan
87868798,Brandon,Sanderson
87868802,Robert,Jordan
87868802,Brandon,Sanderson
87868805,Robert,Jordan
87868805,Brandon,Sanderson
87868810,Robert,Jordan
87868855,"M. A.",Foster
87868861,"M. A.",Foster
87868864,"M. A.",Foster
87868868,Robert,Hoskins
87868873,Robert,Hoskins
87868877,Robert,Hoskins
87868883,Anne,McCaffrey
87868889,Anne,McCaffrey
87868902,Hal,Clement
87868913,Hal,Clement
87868914,Ed,Greenwood
87868924,"Paul S.",Kemp
87868928,"Richard Lee",Byers
87868942,Dave,Gross
87868954,Lisa,Smedman
87868957,Voronica,Whitney-Robinson
87868961,Dave,Gross
87899757,Frank,Herbert
87899757,B.,Ransom
87899795,"L. E.",Modesitt
87900574,"L. E.",Modesitt
87900598,"L. E.",Modesitt
87900618,"H. Beam",Piper
87900635,Frederick,Pohl
87900645,Frederick,Pohl
87900672,Frederick,Pohl
87900678,Frederick,Pohl
87900682,Frederick,Pohl
87900690,Frederick,Pohl
87900723,"Robert J.",Sawyer
87900728,"Robert J.",Sawyer
87900734,"Robert J.",Sawyer
87900769,Lin,Carter
87900781,Lin,Carter
87900791,Lin,Carter
87900810,Lin,Carter
87900817,Lin,Carter
87900823,Lin,Carter
87900828,Lin,Carter
87900828,Vincent,DiFate
87900838,Lin,Carter
87902983,Jerry,Pournelle
87902999,Jerry,Pournelle
87903028,Jerry,Pournelle
87903039,Jerry,Pournelle
87903043,Jerry,Pournelle
87903056,Jerry,Pournelle
87903082,Dennis,McCarty
87903086,Dennis,McCarty
87903102,Dennis,McCarty
87981530,"Marion Zimmer",Bradley
87981552,"Marion Zimmer",Bradley
87981569,"Marion Zimmer",Bradley
87981596,"Marion Zimmer",Bradley
87981604,"Marion Zimmer",Bradley
87981619,"Marion Zimmer",Bradley
87981619,"Deborah J.",Ross
87981629,"Marion Zimmer",Bradley
87981641,"Paul Edwin",Zimmer
87981656,David,Drake
87981656,Eric,Flint
87981667,David,Drake
87981676,David,Drake
87981680,Eric,Flint
87981683,David,Drake
87981683,Eric,Flint
87981688,David,Drake
87981688,Eric,Flint
88016278,Keith,Laumer
88016292,Keith,Laumer
88016301,Keith,Laumer
88016308,Keith,Laumer
88016311,Eric,Flint
88016311,Keith,Laumer
88016360,Anne,McCaffrey
88016374,Anne,McCaffrey
88016387,"Roland J",Green
88016458,Charles,Ingrid
88016468,Charles,Ingrid
88016477,Jay,Blakeney
88016505,Jay,Blakeney
88016525,Phyllis,Eisenstein
88016532,Phyllis,Eisenstein
88016613,"Kim Stanley",Robinson
88016619,"Kim Stanley",Robinson
88016621,"Kim Stanley",Robinson
88016626,Will,Shetterly
88016645,Will,Shetterly
88016653,Mercedes,Lackey
88016653,Andre,Norton
88016664,Mercedes,Lackey
88016664,Andre,Norton
88016666,Mercedes,Lackey
88016666,Andre,Norton
88016690,Roger,Allen
88016690,David,Drake
88016694,David,Drake
88016694,"Thomas T.",Thomas
88016698,"William C.",Dietz
88016698,David,Drake
88016702,"Chelsea Quinn",Yarbro
88016707,Harry,Harrison
88016713,Harry,Harrison
88016715,Harry,Harrison
88016738,Anne,McCaffrey
88016756,Keith,Laumer
88016766,Keith,Laumer
88016771,Keith,Laumer
88016794,Keith,Laumer
88016799,Keith,Laumer
88016803,"J. Steven",York
88016807,Keith,Laumer
88016810,Keith,Laumer
88016810,"H. Keith","William Jr."
88016813,"William H.",Keith
88016816,"William H.",Keith
88016816,Keith,Laumer
88016818,David,Weber
88016825,John,Ringo
88016825,Linda,Evans
88016832,David,Weber
88016834,Keith,Laumer
88016840,Dennis,McCarty
88016846,Dennis,McCarty
88016872,Tracy,Hickman
88016881,Lyda,Morehouse
88016888,Lyda,Morehouse
88016890,Lyda,Morehouse
88016892,Lyda,Morehouse
88016896,Lyda,Morehouse
88016901,"Michael G.",Coney
88149522,Hugh,Cook
88149531,Hugh,Cook
88149532,Hugh,Cook
88695238,David,Grinnell
88695238,"E. C",Tubb
88695693,"E. C",Tubb
88695782,"E. C",Tubb
88695825,"E. C",Tubb
88695839,"E. C",Tubb
88695852,"E. C",Tubb
88695866,Poul,Anderson
88695886,Poul,Anderson
88695909,Poul,Anderson
88695917,Poul,Anderson
88695921,Poul,Anderson
88695929,Poul,Anderson
88695978,"Laurence M.",Janifer
88695997,"Laurence M.",Janifer
88696027,"Laurence M.",Janifer
88696079,"Tara K.",Harper
88696120,"Tara K.",Harper
88696161,"Tara K.",Harper
88696174,"Tara K.",Harper
88696195,"Tara K.",Harper
88696214,"Tara K.",Harper
88696234,"Tara K.",Harper
88696350,"G. H.",Stine
88696369,"G. H.",Stine
88696375,"G. H.",Stine
88696391,Mercedes,Lackey
88696425,Mercedes,Lackey
88696441,Mercedes,Lackey
88696454,Colin,Greenland
88696466,Colin,Greenland
88696471,Colin,Greenland
88696548,Lisanne,Norman
88696578,Lisanne,Norman
88696587,Lisanne,Norman
88696591,Lisanne,Norman
88696597,Lisanne,Norman
88696607,Lisanne,Norman
88696618,Lisanne,Norman
88696626,Lisanne,Norman
88696673,Michael,Moorcock
88696691,Michael,Moorcock
88696695,Michael,Moorcock
88696730,"R. A.",Salvatore
88696748,"R. A.",Salvatore
88696752,"R. A.",Salvatore
88696796,"L. Sprague","De Camp"
88696821,"L. Sprague","De Camp"
88696821,Lin,Carter
88696827,Andrew,Offutt
88696835,"Karl Edward",Wagner
88696840,"L. Sprague","De Camp"
88696849,Poul,Anderson
88696867,"L. Sprague","De Camp"
88696867,Lin,Carter
88696879,Anne,McCaffrey
88696947,David,Drake
88696990,David,Drake
88697001,David,Drake
88697012,David,Drake
88697022,David,Drake
88697033,David,Drake
88697046,David,Drake
88697056,David,Drake
88701741,Ann,Maxwell
88701781,Ann,Maxwell
88701795,Ann,Maxwell
88701880,"Michael G.",Coney
88702138,Dean,Ing
88702218,Hugh,Cook
88702265,Hugh,Cook
88702368,Hugh,Cook
88702426,Hugh,Cook
88702431,Hugh,Cook
88702433,Hugh,Cook
88702436,Hugh,Cook
88702440,Hugh,Cook
88702443,Hugh,Cook
88702446,Hugh,Cook
88703671,"Anne Kelleher",Bush
88703687,"Anne Kelleher",Bush
88703722,"Anne Kelleher",Bush
88703882,"Anne Kelleher",Bush
88703917,Dan,Simmons
88703949,Dan,Simmons
88703990,Sean,Williams
88703990,Shane,Dix
88704025,Sean,Williams
88704025,Shane,Dix
88704063,Sean,Williams
88704063,Shane,Dix
88704164,Piers,Anthony
88704201,Piers,Anthony
88704281,Isaac,Asimov
88704419,"Jack L",Chalker
88704452,"Jack L",Chalker
88704490,"Jack L",Chalker
88704577,"Jack L",Chalker
88704603,"Jack L",Chalker
88704630,"Jack L",Chalker
88704640,"Jack L",Chalker
88704657,"Jack L",Chalker
88704661,"Jack L",Chalker
88704677,"Jack L",Chalker
88704698,"Jack L",Chalker
88704708,"Jack L",Chalker
88704718,"Jack L",Chalker
88704728,"Jack L",Chalker
88704742,"Jack L",Chalker
88704754,"Jack L",Chalker
88704786,"Jack L",Chalker
88704878,"Jack L",Chalker
88704896,"Jack L",Chalker
88704940,"Jack L",Chalker
88704981,"Jack L",Chalker
88705050,"Jack L",Chalker
88705061,"Jack L",Chalker
88705076,"Jack L",Chalker
88705095,"Jack L",Chalker
88705164,"Jack L",Chalker
88742388,Teresa,Edgerton
88742396,Teresa,Edgerton
88742407,Teresa,Edgerton
88742498,Teresa,Edgerton
88742499,Teresa,Edgerton
88742500,Teresa,Edgerton
88742560,"Arthur C.",Clarke
88742560,Gentry,Lee
88742640,Gentry,Lee
88742661,Gentry,Lee
88742702,"Arthur C.",Clarke
88742750,"Arthur C.",Clarke
88742750,Gentry,Lee
88742797,"Arthur C.",Clarke
88742797,Gentry,Lee
88743055,Piers,Anthony
88743094,Piers,Anthony
88743103,Piers,Anthony
88743132,Piers,Anthony
88743196,Piers,Anthony
88743233,Piers,Anthony
88743285,Piers,Anthony
88743472,Piers,Anthony
88743513,Piers,Anthony
88743569,Piers,Anthony
88743627,Piers,Anthony
88743764,Piers,Anthony
88743813,Piers,Anthony
88743846,Piers,Anthony
88743894,Piers,Anthony
88743949,Piers,Anthony
88743980,Piers,Anthony
88744071,Piers,Anthony
88744102,Piers,Anthony
88744135,Piers,Anthony
88744148,Piers,Anthony
88744156,Piers,Anthony
88744166,Piers,Anthony
88744176,Piers,Anthony
88744189,Piers,Anthony
88744189,Bob,Mayer
88744195,Piers,Anthony
88744202,Piers,Anthony
88744202,Bob,Mayer
88744222,Deborah,Christian
88744235,Douglas,Adams
88744238,Douglas,Adams
88744243,Douglas,Adams
88744248,Douglas,Adams
88744251,Douglas,Adams
88744256,Eoin,Colfer
88744275,Douglas,Adams
88744332,Kevin,Anderson
88744340,Kevin,Anderson
88744352,"Stephen R.",Donaldson
88744361,"Stephen R.",Donaldson
88744377,"Stephen R.",Donaldson
88744396,"Stephen R.",Donaldson
88744407,"Stephen R.",Donaldson
88744419,"Stephen R.",Donaldson
88744447,"Stephen R.",Donaldson
88744450,"Stephen R.",Donaldson
88744452,"Stephen R.",Donaldson
88744527,"Stephen R.",Donaldson
88744549,"Stephen R.",Donaldson
88744566,"Stephen R.",Donaldson
88744585,"Stephen R.",Donaldson
88744607,"Stephen R.",Donaldson
88744654,David,Eddings
88744673,David,Eddings
88744684,David,Eddings
88744696,David,Eddings
88744715,David,Eddings
88744722,David,Eddings
88744736,David,Eddings
88744736,Leigh,Eddings
88744747,David,Eddings
88779557,Larry,Niven
88779573,Martin,Greenberg
88779573,Mark,Tier
88779595,"L. Neil",Smith
88787715,"Tara K.",Harper
88787725,"Tara K.",Harper
88788385,"John Eric",Holmes
88788762,"Philip Francis",Nowlan
88789045,Richard,McEnroe
88789123,Richard,McEnroe
88789307,"Brian M",Stableford
88789371,"Brian M",Stableford
88789500,"Brian M",Stableford
88789617,"Mark S",Geston
88789632,Jerry,Sohl
88789654,Michael,Banks
88789654,"Dean R.",Lambe
88789673,Vernor,Vinge
88789685,Vernor,Vinge
88789696,Gregory,Kern
88789704,Damon,Knight
88789712," John",Barnes
88789712,Larry,Niven
88789712,Jerry,Pournelle
88789865," John",Barnes
88789865,Larry,Niven
88789865,Jerry,Pournelle
88789997,Kevin,Anderson
88790034,Leo,Brett
88790066,Tracy,Hickman
88790066,Margaret,Weis
88790102,Michael,McCollum
88790148,Michael,McCollum
88790157,Michael,McCollum
88790236,Michael,Crichton
88790251,Donald,Wismer
88790278,"Howard V.",Hendrix
88790291,"Howard V.",Hendrix
88790301,"Howard V.",Hendrix
88790320,Michael,Moorcock
88790343,Andre,Norton
88816630,"Marjorie B.",Kellogg
88816668,Faren,Miller
88816684,Mark,Smith
88816684,Smith,Julia
88816715,William,Burkett
88816747,William,Burkett
88816784,Christopher,Stasheff
88816792,Christopher,Stasheff
88816815,"Marjorie B.",Kellogg
88816831,"Marjorie B.",Kellogg
88816848,"Marjorie B.",Kellogg
88816864,"Marjorie B.",Kellogg
88828095,Rick,Shelley
88828118,Rick,Shelley
88828119,Rick,Shelley
88828275,Tracy,Hickman
88828275,Margaret,Weis
88828351,Tracy,Hickman
88828351,Margaret,Weis
88828356,Tracy,Hickman
88828356,Margaret,Weis
88828375,Umberto,Eco
88828430,Terry,Brooks
88828504,"A. E.","Van Vogt"
88828551,Devin,O'Branagan
88828579,Barbara,Hambly
88828606,Frank,Herbert
88828676,Victor,Milan
88828686,Victor,Milan
88828701,Michael,Crichton
88828714,Michael,Crichton
88865385,"Philip Jose",Farmer
88865392,"Philip Jose",Farmer
88865395,"Philip Jose",Farmer
88865404,"Philip Jose",Farmer
88865416,"Philip Jose",Farmer
88865503,"Philip Jose",Farmer
88865509,"Philip Jose",Farmer
88865524,"Philip Jose",Farmer
88865695,Ron,Goulart
88865793,Nancy,Harding
88866039,"Gordon R.",Dickson
88866065,Andre,Norton
88866078,Ben,Bova
88866087,"Mark A.",Durstewitz
88866109,"Robert N.",Charrette
88866169,David,Belden
88866178,David,Belden
88907227,Tamora,Pierce
88907237,Tamora,Pierce
88907239,Tamora,Pierce
88907240,Tamora,Pierce
88907258,"Christopher B.",Rowley
88907260,"Christopher B.",Rowley
88908496,"James A.",Gardner
88908551,"James A.",Gardner
88908552,"James A.",Gardner
88908556,"James A.",Gardner
88908558,"James A.",Gardner
88908561,"James A.",Gardner
88908564,"James A.",Gardner
88908583,Melanie,Rawn
88908589,Melanie,Rawn
88908597,Melanie,Rawn
88908996,"Kurt R. A.",Giambastiani
88909079,"Kurt R. A.",Giambastiani
88909090,"Kurt R. A.",Giambastiani
88909528,"Kurt R. A.",Giambastiani
88909950,"John M.",Faucette
88909965,"John M.",Faucette
88909972,Maggie,Furey
88909980,Maggie,Furey
88909981,Maggie,Furey
88909982,Maggie,Furey
88909989,David,Cook
88909989,Larry,Elmore
88909996,Troy,Denning
88909998,James,Lowder
88910010,Poul,Anderson
88910019,Poul,Anderson
88910020,Poul,Anderson
88910022,Poul,Anderson
88910024,Poul,Anderson
88910025,Poul,Anderson
88910026,Poul,Anderson
88910061,Stephen,Baxter
88910065,Stephen,Baxter
88910071,Stephen,Baxter
88910078,Stephen,Baxter
88910081,Stephen,Baxter
88910083,Stephen,Baxter
88910089,Stephen,Baxter
88910097,Stephen,Baxter
88910104,Stephen,Baxter
88910111,Stephen,Baxter
88910132,Sharon,Lee
88910132,Steve,Miller
88910137,Sharon,Lee
88910137,Steve,Miller
88910144,David,Weber
88910147,David,Weber
88910154,David,Weber
88910165,"Donald E.",McQuinn
88910182,"Donald E.",McQuinn
88910199,Janet,Morris
88910206,Chris,Morris
88910206,Janet,Morris
88910214,Chris,Morris
88910214,Janet,Morris
88910225,Janet,Morris
88910228,Janet,Morris
88910240,Andrew,Offutt
88910247,David,Drake
88910249,Andrew,Offutt
88910256,Chris,Morris
88910256,Janet,Morris
88910262,Janet,Morris
88910273,"Marion Zimmer",Bradley
88910278,"Paul Edwin",Zimmer
88910278,Kirk,Reinert
88910286,"Marion Zimmer",Bradley
88910296,"Marion Zimmer",Bradley
88910308,"Marion Zimmer",Bradley
88910319,"Marion Zimmer",Bradley
88937167,Richard,Monaco
88937190,Richard,Monaco
88937201,Richard,Monaco
88937209,Richard,Monaco
88937223,"Sheri S.",Tepper
88937240,"Sheri S.",Tepper
88937499,"Sheri S.",Tepper
88937936,"C. Dale",Brittain
88937967,"C. Dale",Brittain
88937984,"C. Dale",Brittain
88937999,"C. Dale",Brittain
88938008,"C. Dale",Brittain
88938020,"C. Dale",Brittain
88938031,Jerry,Pournelle
88938067,Jerry,Pournelle
88938075,Jerry,Pournelle
88938087,Jerry,Pournelle
88938094,Jerry,Pournelle
88938100,Jerry,Pournelle
88938118,Madeleine,L'Engle
88938192,Jerry,Pournelle
88938202,Jerry,Pournelle
88938205,"Roland J",Green
88938205,Jerry,Pournelle
88938211,Jerry,Pournelle
88938305,"James M.",Ward
88938305,"Anne K.",Brown
88938331,"James M.",Ward
88938331,"Jane Cooper",Hong
88938332,"James M.",Ward
88938333,Carrie,Bebris
88938365,Ed,Greenwood
88938383,Ed,Greenwood
88938392,Ed,Greenwood
88938422,Andre,Norton
88938455,Andre,Norton
88938465,Andre,Norton
88938465,Lyn,McConchie
88938479,Andre,Norton
88938493,Andre,Norton
88938493,Lyn,McConchie
88938509,Madeleine,L'Engle
88938537,Paul,Kearney
88938561,Paul,Kearney
88938567,Paul,Kearney
88938582,Paul,Kearney
88938586,Paul,Kearney
88938606,Robert,Doherty
88938622,Robert,Doherty
88938654,Robert,Doherty
88938657,Robert,Doherty
88938657,Bob,Mayer
88938658,Robert,Doherty
88938659,Robert,Doherty
88938661,Robert,Doherty
88938662,Robert,Doherty
88938663,Robert,Doherty
88945430,Piers,Anthony
88945435,Piers,Anthony
88945484,Piers,Anthony
88945490,Piers,Anthony
88945505,Piers,Anthony
88945513,Piers,Anthony
88945524,Piers,Anthony
88945538,Piers,Anthony
88945556,Piers,Anthony
88945568,Piers,Anthony
88945575,Piers,Anthony
88945701,Piers,Anthony
88945716,Piers,Anthony
88945878,Piers,Anthony
88945883,Piers,Anthony
88945883,Bob,Mayer
88945895,Piers,Anthony
88945898,Piers,Anthony
88945905,Piers,Anthony
88945917,Piers,Anthony
88950744,Barbara,Hambly
88950768,Barbara,Hambly
88950773,Barbara,Hambly
88950801,Barbara,Hambly
88950807,Barbara,Hambly
88950814,Barbara,Hambly
88950831,Barbara,Hambly
88950834,Barbara,Hambly
88950837,Barbara,Hambly
88950842,Barbara,Hambly
88950851,"C. S.",Friedman
88950855,"C. S.",Friedman
88950861,"C. S.",Friedman
88950871,"W. Michael",Gear
88950881,"W. Michael",Gear
88950903,"W. Michael",Gear
88950917,Chris,Bunch
88950922,Chris,Bunch
88950924,Chris,Bunch
88950930,Chris,Bunch
88950947,"Kathleen M.",O'Neal
88950953,"Kathleen M.",O'Neal
88950958,"Kathleen O'Neal",Gear
88950958,"Kathleen M.",O'Neal
88950993,Jerry,Pournelle
88951003,Jerry,Pournelle
88951080,Anne,McCaffrey
88951084,Anne,McCaffrey
88951093,Anne,McCaffrey
88951101,Anne,McCaffrey
88951114,"J. V.",Jones
88951133,Paula,Volsky
88951137,Paula,Volsky
88951143,Paula,Volsky
88951191,Anne,McCaffrey
88951191,"Elizabeth Ann",Scarborough
88951198,Anne,McCaffrey
88951198,"Elizabeth Ann",Scarborough
88951203,Anne,McCaffrey
88951203,"Elizabeth Ann",Scarborough
88951214,Anne,McCaffrey
88951214,"Elizabeth Ann",Scarborough
88951220,Anne,McCaffrey
88951220,"Elizabeth Ann",Scarborough
88951221,Anne,McCaffrey
88951221,"Elizabeth Ann",Scarborough
88951226,John,Lee
88951232,John,Lee
88951241,John,Lee
88951249,John,Lee
88951268,Fred,Saberhagen
88951274,Fred,Saberhagen
88951280,Fred,Saberhagen
88951292,Fred,Saberhagen
88951297,Fred,Saberhagen
88951310,Fred,Saberhagen
88951328,Julia,Gray
88951334,Julia,Gray
88967555,Melanie,Rawn
88967580,Melanie,Rawn
88967592,Melanie,Rawn
88967613,Melanie,Rawn
88967630,Melanie,Rawn
88967650,Melanie,Rawn
88967703,Melanie,Rawn
88967721,Melanie,Rawn
88967906,Katherine,Kurtz
88967920,Katherine,Kurtz
88967945,Katherine,Kurtz
88967961,Katherine,Kurtz
88967980,Katherine,Kurtz
88968006,Katherine,Kurtz
88968035,Katherine,Kurtz
88968052,Katherine,Kurtz
88968067,Katherine,Kurtz
88968295,Julian,May
88968325,Julian,May
88968347,Julian,May
88968394,Julian,May
88968426,Julian,May
88968467,Julian,May
88968500,Julian,May
88968527,Julian,May
88968584,C.S.,Lewis
88968601,C.S.,Lewis
88968620,C.S.,Lewis
88968694,Chris,Bunch
88968713,Roger,Zelazny
88968724,Mel,Odom
88968734,"R. A.",MacAvoy
88968747,"Clifford D.",Simak
88968856,Terry,Goodkind
88968866,Terry,Goodkind
88968878,Terry,Goodkind
88968896,Terry,Goodkind
88968926,Terry,Goodkind
88968951,Terry,Goodkind
88968975,Terry,Goodkind
88969003,Terry,Goodkind
88969546,Roger,Zelazny
88969563,Roger,Zelazny
88969586,Roger,Zelazny
88969589,Roger,Zelazny
88969646,Fritz,Leiber
88975278,"Donald E.",McQuinn
88975290,"Donald E.",McQuinn
88975301,"Donald E.",McQuinn
88975310,Anne,McCaffrey
88975329,"Alan Dean",Foster
88975332,"Alan Dean",Foster
88975339,"Alan Dean",Foster
88975347,Gregory,Benford
88975350,Gregory,Benford
88975356,"Orson Scott",Card
88975373,"Orson Scott",Card
88975377,"Orson Scott",Card
88975378,"Orson Scott",Card
88975381,"Orson Scott",Card
88975387,"Orson Scott",Card
88975389,"Orson Scott",Card
88975391,"Orson Scott",Card
88975393,"Orson Scott",Card
88975394,"Orson Scott",Card
88975398,"Orson Scott",Card
88990719,Tony,Daniel
88991569,Chris,Bunch
88991577,Chris,Bunch
88991593,Chris,Bunch
88991607,Chris,Bunch
88992813,Greg,Bear
88992836,Greg,Bear
88992882,Terry,Brooks
88992905,Terry,Brooks
88992961,Terry,Brooks
88992976,Terry,Brooks
88992989,Terry,Brooks
88993009,Terry,Brooks
88993022,Clive,Barker
88993044,Clive,Barker
88997050,Mike,Jefferies
88997073,Mike,Jefferies
88997151,Kristine,Smith
88997201,Kristine,Smith
88997227,Kristine,Smith
88997250,Kristine,Smith
88997302,David,Brin
88997337,Kay,Kenyon
88997356,Kay,Kenyon
88997511,Andre,Norton
88997535,Andre,Norton
88997540,Andre,Norton
88997540,Jean,Rabe
88997546,Andre,Norton
88997553,Andre,Norton
88997576,Louise,Cooper
88997600,Louise,Cooper
88997619,Louise,Cooper
88997751,"A. A.",Attanasio
88997763,"Stephen R.",Lawhead
88997780,"Stephen R.",Lawhead
88997799,"Stephen R.",Lawhead
89000404,Harry,Turtledove
89000419,Harry,Turtledove
89000439,Harry,Turtledove
89000462,Harry,Turtledove
89000472,"Guy Gavriel",Kay
89000487,"Guy Gavriel",Kay
89000499,"Jack L",Chalker
89000514,"Jack L",Chalker
89000525,"Jack L",Chalker
89000550,"Jack L",Chalker
89000561,"Jack L",Chalker
89000844,"Patricia A.",McKillip
89000861,"Patricia A.",McKillip
89000875,"Patricia A.",McKillip
89002154,Elizabeth,Boyer
89002166,Elizabeth,Boyer
89002186,Elizabeth,Boyer
89002201,Elizabeth,Boyer
89002203,Elizabeth,Boyer
89002205,Elizabeth,Boyer
89002229,Elizabeth,Boyer
89002244,Elizabeth,Boyer
89002362,"Jack L",Chalker
89002375,"Jack L",Chalker
89002413,"Jack L",Chalker
89002455,Don,Perrin
89002455,Margaret,Weis
89002464,Don,Perrin
89002464,Margaret,Weis
89002472,Don,Perrin
89002472,Margaret,Weis
89002480,Isaac,Asimov
89002480,Robert,Silverberg
89002496,Isaac,Asimov
89002518,Dave,Duncan
89002535,Dave,Duncan
89032436,"Jack L",Chalker
89032452,"Jack L",Chalker
89032468,"Jack L",Chalker
89032483,"Jack L",Chalker
89065459,Tom,Deitz
89065467,Stephen,Leigh
89065471,Stephen,Leigh
89065473,Stephen,Leigh
89065477,Tom,Deitz
89065486,"Kathleen O'Neal",Gear
89065486,"W. Michael",Gear
89065492,Tom,Deitz
89065516,Sherwood,Smith
89065516,David,Trowbridge
89065544,"Kathleen O'Neal",Gear
89065544,"W. Michael",Gear
89065701,Larry,Niven
89065719,Phyllis,Gotlieb
89065751,Larry,Niven
89188777,Sherwood,Smith
89188777,David,Trowbridge
89188795,Sherwood,Smith
89188795,David,Trowbridge
89188799,Sherwood,Smith
89188799,David,Trowbridge
89188802,Sherwood,Smith
89188802,David,Trowbridge
89188902,"Kathleen O'Neal",Gear
89188902,"W. Michael",Gear
89188931,David,Weber
89188931,Steve,White
89188968,David,Weber
89188968,Steve,White
89188970,David,Weber
89188970,Steve,White
89188975,David,Weber
89188975,Steve,White
89188977,Shirley,Meier
89188977,Steve,White
89188981,Steve,White
89188981,"Charles E.",Gannon
89189039,Anne,Bishop
89189060,Anne,Bishop
89189062,Anne,Bishop
89189221,Deborah,Wheeler
89189287,"Robert A.",Heinlein
89190095,Isaac,Asimov
89190095,Ralph,McQuarrie
89190135,Isaac,Asimov
89190173,Isaac,Asimov
89190215,Isaac,Asimov
89190271,Isaac,Asimov
89190299,Isaac,Asimov
89190344,Isaac,Asimov
89190364,Gregory,Benford
89190376,Isaac,Asimov
89190395,Greg,Bear
89190414,David,Brin
89190442,Isaac,Asimov
89190462,Isaac,Asimov
89190483,Isaac,Asimov
89190510,Isaac,Asimov
89190528,Isaac,Asimov
89190593,Isaac,Asimov
89190617,Nancy,Asire
89190627,Nancy,Asire
89190630,Nancy,Asire
89190650,"Marion Zimmer",Bradley
89190672,"Diana L.",Paxson
89190674,"Diana L.",Paxson
89190677,"Diana L.",Paxson
89190678,"Marion Zimmer",Bradley
89190679,"Marion Zimmer",Bradley
89190679,"Diana L.",Paxson
89190681,"Marion Zimmer",Bradley
89190683,"Marion Zimmer",Bradley
89190732,David,Brin
89190839,William,Gibson
89190866,William,Gibson
89190867,William,Gibson
89190868,William,Gibson
89190894,Stephen,King
89190907,Stephen,King
89190912,Stephen,King
89190918,Stephen,King
89190923,Stephen,King
89190927,Stephen,King
89190940,Stephen,King
89190943,Stephen,King
89190945,Stephen,King
89190958,"Robert A.",Heinlein
89190982,Mary,Stewart
89190993,Mary,Stewart
89190995,Mary,Stewart
89191002,Mary,Stewart
89191008,Mary,Stewart
89191024,J.R.R.,Tolkien
89191070,"Marion Zimmer",Bradley
89191087,"Mickey Zucker",Reichert
89191110,"Mickey Zucker",Reichert
89191114,"Mickey Zucker",Reichert
89191117,"Mickey Zucker",Reichert
89191118,"Mickey Zucker",Reichert
89191121,"Mickey Zucker",Reichert
89191136,J.R.R.,Tolkien
89191145,John,Peel
89191157,"Lois McMaster",Bujold
89191162,"Lois McMaster",Bujold
89191167,"Lois McMaster",Bujold
89191176,John,Brunner
89191196,Dennis,Anderson
89191213,Mark,Anthony
89191213,Ellen,Porath
89191220,Mary,Kirchoff
89191220,Steve,Winter
89191225,Tina,Daniell
89191226,Michael,Williams
89191229,Ellen,Porath
89191230,Tina,Daniell
89191257,"Robert A.",Heinlein
89191267,"Marion Zimmer",Bradley
89191281,John,Dalmas
89191288,John,Dalmas
89191295,John,Dalmas
89191298,John,Dalmas
89191337,Dave,Duncan
89191352,"L. Sprague","De Camp"
89191362,"L. Sprague","De Camp"
89191373,"L. Sprague","De Camp"
89191382,"L. Sprague","De Camp"
89191387,"L. Sprague","De Camp"
89191426,"L. Sprague","De Camp"
89191440,"L. Sprague","De Camp"
89191447,"L. Sprague","De Camp"
89191457,"L. Sprague","De Camp"
89191457,Catherine,Cook
89191501,Dave,Duncan
89191520,"Gordon R.",Dickson
89191526,"Gordon R.",Dickson
89191534,"Gordon R.",Dickson
89191547,"Gordon R.",Dickson
89191554,"Gordon R.",Dickson
89191561,"Gordon R.",Dickson
89191561,Harry,Harrison
89191572,"Gordon R.",Dickson
89191572,Walter,Velez
89199557,"Robert A.",Heinlein
89199562,Dan,Brown
89199578,J.R.R.,Tolkien
89199597,Rick,Cook
89199599,Rick,Cook
89199602,Rick,Cook
89199608,Rick,Cook
89199613,Rick,Cook
89199619,Paul,Cook
89199626,Harry,Turtledove
89199642,Harry,Turtledove
89199647,Harry,Turtledove
89199650,Harry,Turtledove
89199657,Harry,Turtledove
89199662,Harry,Turtledove
89199672,"Robert A.",Heinlein
89199681,Donald,Kingsbury
89199914,Isaac,Asimov
89199914,Janet,Asimov
89199920,Isaac,Asimov
89199920,Janet,Asimov
89199921,Isaac,Asimov
89199921,Janet,Asimov
89199924,Isaac,Asimov
89199924,Janet,Asimov
89199925,Isaac,Asimov
89199925,Janet,Asimov
89199928,Isaac,Asimov
89199928,Janet,Asimov
89199932,Isaac,Asimov
89199932,Janet,Asimov
89199936,Janet,Asimov
89199941,David,Brin
89199949,"James A.",Michener
89199958,"D. F.",Jones
89199963,"D. F.",Jones
89199967,"D. F.",Jones
89199974,Julian,May
89199980,Julian,May
89199983,Julian,May
89199988,Robert,Asprin
89200009,David,Weber
89200012,"George R. R.",Martin
89200023,"George R. R.",Martin
89200025,"George R. R.",Martin
89200029,"George R. R.",Martin
89200034,"George R. R.",Martin
89200067,"F. M.",Busby
89200102,"John Maddox",Roberts
89200112,"John Maddox",Roberts
89200117,"John Maddox",Roberts
89200123,"John Maddox",Roberts
89200124,"John Maddox",Roberts
89200128,W.A.,Harbinson
89200135,"James B.",Johnson
89200137,Isaac,Asimov
89200143,Robert,Asprin
89200143,Walter,Velez
89200147,Isaac,Asimov
89200160,Robert,Asprin
89200160,Linda,Evans
89200163,Robert,Asprin
89200163,Linda,Evans
89200164,Robert,Asprin
89200164,Linda,Evans
89200166,Robert,Asprin
89200166,Linda,Evans
89200200,Jack,Whyte
89200205,Jack,Whyte
89200207,Jack,Whyte
89200211,Jack,Whyte
89200217,Jack,Whyte
89200222,Jack,Whyte
89200227,Jack,Whyte
89200230,Jack,Whyte
89200246,Jack,Whyte
89200258,"Jack L",Chalker
89200259,Fritz,Leiber
89200263,"A. E.","Van Vogt"
89200265,"Philip Jose",Farmer
89200268,Margaret,Davis
89200273,Margaret,Davis
89200276,Poul,Anderson
89200283,"Jack L",Chalker
89200291,Linda,Nagata
89200294,Stephen,Baxter
89200296,Stephen,Baxter
89200297,Stephen,Baxter
89200301,Travis,Heermann
89200309,"Jack L",Chalker
89200358,"Stephen R.",Lawhead
89200364,"Stephen R.",Lawhead
89200370,"Stephen R.",Lawhead
89215896,Dave,Duncan
89215933,Dave,Duncan
89215950,Dave,Duncan
89215987,Dave,Duncan
89216011,Dave,Duncan
89216028,Dave,Duncan
89216062,Dave,Duncan
89216072,Dave,Duncan
89216083,Dave,Duncan
89216103,Poul,Anderson
89216103,Karen,Anderson
89216114,Poul,Anderson
89216114,Karen,Anderson
89216122,Poul,Anderson
89216122,Karen,Anderson
89216151,Poul,Anderson
89216151,Karen,Anderson
89216179,"Barry N.",Malzberg
89216193,Brian,Aldiss
89216247,"Philip Jose",Farmer
89216267,"Philip Jose",Farmer
89216280,"Philip Jose",Farmer
89216280,"Win Scott",Eckert
89216286,"Philip Jose",Farmer
89216532,Tad,Williams
89216547,Timothy,Zahn
89216570,Timothy,Zahn
89216588,Timothy,Zahn
89216615,Steve,White
89216628,Timothy,Zahn
89216642,"Allen L.",Wold
89216655,Poul,Anderson
89216672,"A. E.","Van Vogt"
89216682,Tom,Kidd
89216733,Gordon,Eklund
89216743,"David C.",Smith
89216755,"David C.",Smith
89216762,"David C.",Smith
89216769,"David C.",Smith
89216775,"David C.",Smith
89216797,Frederick,Pohl
89216797,"C. M.",Kornbluth
89216812,Isaac,Asimov
89216869,"Arthur C.",Clarke
89216886,Alan,Garner
89216908,"Alan Dean",Foster
89216923,Poul,Anderson
89216940,"C. S.",Friedman
89217020,"J. K.",Rowling
89217052,"J. K.",Rowling
89217078,"J. K.",Rowling
89217168,Philip,Kerr
89217237," John",Barnes
89217274," John",Barnes
89217292," John",Barnes
89217656,Robert,Silverberg
89217698,"Deborah Turner",Harris
89217941,Jean,Lorrah
89218105,Jacqueline,Lichtenberg
89218108,Jacqueline,Lichtenberg
89218111,Jacqueline,Lichtenberg
89218111,Jean,Lorrah
89218115,Jacqueline,Lichtenberg
89218121,Jacqueline,Lichtenberg
89218121,Jean,Lorrah
89218126,Jacqueline,Lichtenberg
89218135,Jacqueline,Lichtenberg
89218135,Jean,Lorrah
89218170,Gayle,Greeno
89218188,Jennifer,Watson
89218190,Gayle,Greeno
89218199,Gayle,Greeno
89218206,Gayle,Greeno
89218210,Gayle,Greeno
89218266,Andrew,Offutt
89218279,Andrew,Offutt
89218298,Andrew,Offutt
89219060,Tad,Williams
89219079,Tad,Williams
89219108,Tad,Williams
89219114,Tad,Williams
89219154,Timothy,Zahn
89219218,Timothy,Zahn
89219251,Timothy,Zahn
89219266,Sarah,Zettel
89219275,A.A.,McFedries
89219282,"N. Lee",Wood
89219304,"Laura J.",Mixon
89219319,"Laura J.",Mixon
89219332,"Laura J.",Mixon
89219343,Louise,Lawrence
89219351,Richard,Fawkes
89219389,Ben,Bova
89219413,James,Rollins
89219442,Robert,Reed
89219470,"Sheri S.",Tepper
89219510,"Robert A.",Heinlein
89219526,Greg,Bear
89219594,Poul,Anderson
89219624,Norman,Spinrad
89219650,Michael,Crichton
89219669,Tom,Holt
89219680,Amy,Thomson
89219695,Amy,Thomson
89219833,John,Jakes
89219858,John,Brunner
89219869,Tom,Deitz
89219893,Mona,Clee
89219901,Stephen,Burns
89219911,"R. A.",MacAvoy
89219937,Chris,Morris
89219937,Janet,Morris
89219944,Kevin,O'Donnell
89219956,Steven,Spruill
89219961,Steven,Spruill
89219964,Steven,Spruill
89219982,Larry,Niven
89219982,Jerry,Pournelle
89219993,Ray,Bradbury
89220009,Harry,Harrison
89220054,Barney,Cohen
89220054,Jim,Baen
89220068,Richard,Adams
89220082,Richard,Adams
89220118,Martin,Caidin
89220135,Michael,Crichton
89223367,Mack,Reynolds
89223375,Paul,Anderson
89223383,Poul,Anderson
89223391,"Ursula K.","Le Guin"
89223405,"Ursula K.","Le Guin"
89223416,Donald,Kingsbury
89223422,"Clifford D.",Simak
89223433,"James P.",Hogan
89223443,Robert,Holdstock
89223454,Robert,Asprin
89223463,William,Gibson
89223463,Bruce,Sterling
89223471,Holly,Lisle
89223479,"Robert L.",Forward
89223486,Jack,Williamson
89223495,Kenneth,Bulmer
89223495,Neil,Langholm
89223507,Kenneth,Bulmer
89223507,Neil,Langholm
89223521,Neil,Langholm
89223545,David,Gerrold
89223555,Paul,Salamoff
89223564,Bob,Shaw
89223580,Poul,Anderson
89223633,Robert,Sheckley
89223644,John,Jakes
89223651,"George R. R.",Martin
89223659,Robert,Sheckley
89223669,James,Hilton
89223679,"Arthur C.",Clarke
89223685,"Robert A.",Heinlein
89223698,Carl,Sagan
89223719,"John Maddox",Roberts
89223723,"John Maddox",Roberts
89223730,Robert,Silverberg
89223730,Gene,Wolfe
89223748,Duncan,McGeary
89223754,James,Blish
89223769,Paul,Preuss
89223775,Cordwainer,Smith
89223786,"Gordon R.",Dickson
89223794,Gregory,Benford
89223794,Gordon,Eklund
89223801,Poul,Anderson
89223844,Joe,Haldeman
89223855,Joe,Haldeman
89223859,Joe,Haldeman
89223881,Kris,Jensen
89223891,Kris,Jensen
89223908,Kris,Jensen
89223920,"A. E.","Van Vogt"
89223933,Steven,Brust
89224055,"Paul B.",Thompson
89224055,"Tonya R.",Carter
89224071,Mary,Kirchoff
89224089,Kevin,Stein
89224109,Scott,Siegel
89224109,Barbara,Siegel
89224110,Mary,Kirchoff
89224110,Douglas,Niles
89224111,"Paul B.",Thompson
89224111,"Tonya C.",Cook
89224122,Sarah,Zettel
89224130,"William C.",Dietz
89224136,Mack,Reynolds
89224140,"Samuel R.",Delany
89224150,Sarah,Zettel
89224170,Larry,Niven
89224175,Larry,Niven
89224183,Larry,Niven
89224190,Sarah,Zettel
89224199,"John T.",Phillifent
89224199,William,Barton
89224212,"R. A.",Lafferty
89224219,"Thomas Burnett",Swann
89224226,Peter,Dickinson
89224272,Isaac,Asimov
89224272,Robert,Silverberg
89224297,Tom,Deitz
89224309,Tom,Deitz
89224310,Tom,Deitz
89224311,Tom,Deitz
89224312,Tom,Deitz
89224314,Tom,Deitz
89224344,Mike,Resnick
89224348,Mike,Resnick
89224353,Mike,Resnick
89224358,Mike,Resnick
89224361,Brian,Aldiss
89224367,Lester,"Del Rey"
89224378,Ardath,Mayhar
89224388,"H. Beam",Piper
89224401,"Charles Eric",Maine
89224411,David,Drake
89255426,Michael,Moorcock
89255458,Michael,Moorcock
89255475,Michael,Moorcock
89255488,Michael,Moorcock
89255514,Michael,Moorcock
89255522,Michael,Moorcock
89255542,Michael,Moorcock
89255548,Michael,Moorcock
89255556,Michael,Moorcock
89255565,Michael,Moorcock
89255579,Michael,Moorcock
89255591,Michael,Moorcock
89255598,Michael,Moorcock
89255625,Michael,Moorcock
89255770,"Kathleen O'Neal",Gear
89255770,"W. Michael",Gear
89255787,"Kathleen O'Neal",Gear
89255791,"Kathleen O'Neal",Gear
89255793,"Kathleen O'Neal",Gear
89255793,"W. Michael",Gear
89255794,"Kathleen O'Neal",Gear
89255794,"W. Michael",Gear
89255797,"Kathleen O'Neal",Gear
89255797,"W. Michael",Gear
89255799,"Kathleen O'Neal",Gear
89255799,"W. Michael",Gear
89255800,"Kathleen O'Neal",Gear
89255800,"W. Michael",Gear
89255804,"Kathleen O'Neal",Gear
89255807,"Kathleen O'Neal",Gear
89255807,"W. Michael",Gear
89255809,"Kathleen O'Neal",Gear
89255809,"W. Michael",Gear
89255811,"Kathleen O'Neal",Gear
89255811,"W. Michael",Gear
89255836,Andre,Norton
89255846,Tanith,Lee
89255851,"F. M.",Busby
89255862,"F. M.",Busby
89255882,Mike,Resnick
89255888,Mike,Resnick
89255893,Mike,Resnick
89255901,Chris,Bunch
89255910,Chris,Bunch
89255913,Chris,Bunch
89255920,Piers,Anthony
89255945,Andre,Norton
89255959,"F. M.",Busby
89255970,Andre,Norton
89255978,Andre,Norton
89256254,Poul,Anderson
89256260,Poul,Anderson
89256265,Poul,Anderson
89256268,Poul,Anderson
89256269,Poul,Anderson
89256271,Poul,Anderson
89256272,Poul,Anderson
89280641,John,Lee
89280673,"W. Michael",Gear
89280872,"W. Michael",Gear
89280898,"W. Michael",Gear
89280922,"W. Michael",Gear
89280989,"J. V.",Jones
89281006,"J. V.",Jones
89281019,"J. V.",Jones
89281079,Bill,Fawcett
89281079,Jack,Lovejoy
89281097,"Matthew J.",Costello
89281097,Bill,Fawcett
89281171,Bill,Fawcett
89281171,Peter,Morwood
89281199,Bill,Fawcett
89281199,Neil,Randall
89283526,"Julie Dean",Smith
89283548,"Julie Dean",Smith
89283561,"Julie Dean",Smith
89283574,"Julie Dean",Smith
89285883,Niel,Hancock
89285896,Niel,Hancock
89285903,Niel,Hancock
89285911,Niel,Hancock
89285934,"David C.",Smith
89285940,"David C.",Smith
89285943,"David C.",Smith
89285954,Katherine,Kurtz
89285962,"W. Michael",Gear
89285971,"Clifford D.",Simak
89285983,"Philip Jose",Farmer
89285993,Fred,Saberhagen
89286002,"L. Neil",Smith
89286018,"L. Neil",Smith
89286025,Judith,Tarr
89286031,Judith,Tarr
89286042,Fred,Saberhagen
89286050,Fred,Saberhagen
89286066,Fred,Saberhagen
89286075,Fred,Saberhagen
89286094,Dave,Duncan
89286109,Dave,Duncan
89286110,Dave,Duncan
89286111,Dave,Duncan
89286145,Grant,Callin
89286150,Grant,Callin
89286396,Fred,Saberhagen
89286402,Fred,Saberhagen
89286410,Fred,Saberhagen
89286419,Fred,Saberhagen
89286424,Fred,Saberhagen
89286438,Fred,Saberhagen
89286453,Fred,Saberhagen
89286459,Fred,Saberhagen
89286460,Fred,Saberhagen
89286461,Fred,Saberhagen
89286559,Robert,Asprin
89286564,Robert,Asprin
89286571,Robert,Asprin
89286571,"Peter J.",Heck
89286573,Robert,Asprin
89286576,Robert,Asprin
89286576,"Peter J.",Heck
89286580,Robert,Asprin
89286580,"Peter J.",Heck
89286596,Robert,Asprin
89286600,Robert,Asprin
89286600,Walter,Velez
89286603,Robert,Asprin
89286608,Robert,Asprin
89286608,Walter,Velez
89286612,Robert,Asprin
89286612,Walter,Velez
89286616,Robert,Asprin
89286620,Robert,Asprin
89286620,Walter,Velez
89286631,Robert,Asprin
89286632,Robert,Asprin
89286633,Robert,Asprin
89286635,Robert,Asprin
89286635,"Jody Lynn",Nye
89286638,Robert,Asprin
89286638,"Jody Lynn",Nye
89286645,Robert,Asprin
89286645,"Jody Lynn",Nye
89286647,Robert,Asprin
89286651,Robert,Asprin
89286651,"Jody Lynn",Nye
89286654,Robert,Asprin
89286654,"Jody Lynn",Nye
89286655,Robert,Asprin
89323897,Piers,Anthony
89323917,Piers,Anthony
89323921,Piers,Anthony
89323973,Jack,Vance
89323979,"George R. R.",Martin
89324029,Margaret,Atwood
89324109,Dan,Simmons
89324114,Dan,Simmons
89324119,Dan,Simmons
89324124,Dan,Simmons
89324142,Tracy,Hickman
89324142,Margaret,Weis
89324152,Tracy,Hickman
89324152,Margaret,Weis
89324165,Tracy,Hickman
89324165,Margaret,Weis
89324172,Margaret,Weis
89324181,Margaret,Weis
89324186,Tracy,Hickman
89324186,Margaret,Weis
89324200,Margaret,Weis
89356736,Kevin,Anderson
89356815,Kate,Wilhelm
89356829,Dave,Duncan
89356846,Dave,Duncan
89356858,"L. Sprague","De Camp"
89356887,"Gordon R.",Dickson
89357065,Robert,Silverberg
89357120,"Arthur C.",Clarke
89357120,Gentry,Lee
89357138,Robert,Silverberg
89357145,"L. Sprague","De Camp"
89357160,"L. Sprague","De Camp"
89357172,"L. Sprague","De Camp"
89357187,"L. Sprague","De Camp"
89357194,"L. Sprague","De Camp"
89357359,"Arthur C.",Clarke
89357362,Dave,Duncan
89357382,"Arthur C.",Clarke
89357392,"Arthur C.",Clarke
89357399,"Arthur C.",Clarke
89357409,"Arthur C.",Clarke
89357416,"Arthur C.",Clarke
89357432,Tom,Deitz
89357441,Tom,Deitz
89357452,Tom,Deitz
89357592,David,Eddings
89357604,David,Eddings
89357753,David,Eddings
89357806,Tracy,Hickman
89357806,Margaret,Weis
89357831,Tracy,Hickman
89357831,Margaret,Weis
89357838,Tracy,Hickman
89357838,Margaret,Weis
89357842,Margaret,Weis
89357970,Piers,Anthony
89357975,Piers,Anthony
89358004,J.R.R.,Tolkien
89358014,J.R.R.,Tolkien
89358022,J.R.R.,Tolkien
89376759,Angus,Wells
89376780,Angus,Wells
89376807,Angus,Wells
89376828,Angus,Wells
89376850,Angus,Wells
89377166,Angus,Wells
89377192,Angus,Wells
89377212,Angus,Wells
89377229,Angus,Wells
89377255,Angus,Wells
89377281,Angus,Wells
89377385,Robert,Silverberg
89377409,Robert,Silverberg
89377420,Robert,Silverberg
89377445,Robert,Silverberg
89377448,Robert,Silverberg
89377451,Robert,Silverberg
89377454,Robert,Silverberg
89378014,Dave,Duncan
89378036,Dave,Duncan
89378086,Dave,Duncan
89378684,Dave,Duncan
89378704,Dave,Duncan
89378719,Dave,Duncan
89378734,Dave,Duncan
89378866,Dave,Duncan
89378885,Dave,Duncan
89378908,Dave,Duncan
89378933,Dave,Duncan
89378989,Dave,Duncan
89378998,Dave,Duncan
89379002,Dave,Duncan
89379258,Frank,Herbert
89379269,Frank,Herbert
89379313,Frank,Herbert
89379359,Frank,Herbert
89379393,Frank,Herbert
89379411,Frank,Herbert
89437891,David,Eddings
89437891,Leigh,Eddings
89438255,Joel,Rosenberg
89438267,Joel,Rosenberg
89438278,Joel,Rosenberg
89438285,Joel,Rosenberg
89438292,Joel,Rosenberg
89438301,Joel,Rosenberg
89438312,Joel,Rosenberg
89438320,Joel,Rosenberg
89438322,Joel,Rosenberg
89438326,Joel,Rosenberg
89438436,Sharon,Green
89438458,Sharon,Green
89438468,Sharon,Green
89438471,Sharon,Green
89438481,Sharon,Green
89438516,Charles,Huntington
89438540,Philip,Pullman
89438564,Philip,Pullman
89438566,Philip,Pullman
89438571,Philip,Pullman
89438598,Douglas,Preston
89438598,Lincoln,Child
89438611,Douglas,Preston
89438611,Lincoln,Child
89452330,"Raymond E",Feist
89453673,"Raymond E",Feist
89453815,"Raymond E",Feist
89454144,"Raymond E",Feist
89454246,"Raymond E",Feist
89454310,"Raymond E",Feist
89454393,"Raymond E",Feist
89454393,Joel,Rosenberg
89470103,"L. E.",Modesitt
89470121,Roger,Zelazny
89470137,Fritz,Leiber
89470166,Sarah,Zettel
89470210,Sarah,Zettel
89470229,Edwin,Balmer
89470229,Philip,Wylie
89470243,Edwin,Balmer
89470243,Philip,Wylie
89470265,John,Varley
89470271,John,Varley
89470277,John,Varley
89470284,Jack,Williamson
89470292,"James P.",Hogan
89470313,Jack,Williamson
89470324,Richard,Meyers
89470334,Richard,Meyers
89470338,Frederick,Pohl
89470338,Jack,Williamson
89470348,"Stephen R.",Lawhead
89470349,"Stephen R.",Lawhead
89470361,"Stephen R.",Lawhead
89470367,"Stephen R.",Lawhead
89470376,"Stephen R.",Lawhead
89470385,"Stephen R.",Lawhead
89470395,Frederick,Pohl
89470395,Jack,Williamson
89470407,Terry,Brooks
89470412,Terry,Brooks
89470420,Terry,Brooks
89470438,Terry,Brooks
89470458,Terry,Brooks
89470485,Terry,Brooks
89470496,Terry,Brooks
89470504,Terry,Brooks
89470512,Terry,Brooks
89470519,Terry,Brooks
89470529,Terry,Brooks
89470531,Terry,Brooks
89470534,Terry,Brooks
89470539,Terry,Brooks
89470543,Terry,Brooks
89470549,Terry,Brooks
89470551,Terry,Brooks
89470554,Terry,Brooks
89470558,Terry,Brooks
89470559,Terry,Brooks
89470563,Terry,Brooks
89470571,Terry,Brooks
89470672,"Arthur C.",Clarke
89470672,Paul,Preuss
89470685,Paul,Preuss
89470694,Paul,Preuss
89470706,Paul,Preuss
89470721,Paul,Preuss
89470729,Paul,Preuss
89470799,Sarah,Zettel
89470807,Sarah,Zettel
89470813,Jean,Auel
89530767,Kevin,Anderson
89530767,Doug,Beason
89530794,Kevin,Anderson
89530794,Doug,Beason
89530807,Kevin,Anderson
89530807,Doug,Beason
89531367,Molly,Cochran
89531367,Warren,Murphy
89531374,Molly,Cochran
89531374,Warren,Murphy
89531382,Molly,Cochran
89531404,"Deborah Turner",Harris
89531404,Katherine,Kurtz
89531410,"Deborah Turner",Harris
89531410,Katherine,Kurtz
89531415,Katherine,Kurtz
89531418,"Deborah Turner",Harris
89531420,Katherine,Kurtz
89531425,Dean,Ing
89531452,Larry,Niven
89531480,Jerry,Pournelle
89531480,F.M.,Stirling
89531500,Julian,May
89531515,"Marion Zimmer",Bradley
89531538,Julian,May
89531541,Andre,Norton
89531546,"Marion Zimmer",Bradley
89531551,Janet,Morris
89531571,"C .J.",Cherryh
89531571,Janet,Morris
89531574,Janet,Morris
89531575,"C .J.",Cherryh
89531575,Janet,Morris
89531580,Janet,Morris
89531586,"C .J.",Cherryh
89531589,Janet,Morris
89531600,Janet,Morris
89531606,Chris,Morris
89531606,Janet,Morris
89531619,Janet,Morris
89531627,Janet,Morris
89531692,David,Drake
89531692,Janet,Morris
89531747,Chris,Morris
89531747,Janet,Morris
89531781,Bruce,Boxleitner
89531813,Bruce,Boxleitner
89531916,Charles,Ingrid
89531989,Charles,Ingrid
89532035,Charles,Ingrid
89532063,Charles,Ingrid
89532350,Piers,Anthony
89532359,Piers,Anthony
89532370,Charles,Platt
89532392,Charles,Platt
89532418,David,Drake
89534733,Poul,Anderson
89534746,Poul,Anderson
89534769,Katherine,Kurtz
89534769,Scott,MacMillan
89534789,Katherine,Kurtz
89534789,Scott,MacMillan
89534811,Alan,Akers
89534834,Alan,Akers
89534851,Alan,Akers
89534868,Alan,Akers
89534886,Alan,Akers
89534911,Alan,Akers
89535052,Alan,Akers
89535062,Alan,Akers
89535083,Alan,Akers
89535140,Alan,Akers
89535170,Alan,Akers
89535233,Alan,Akers
89535242,Alan,Akers
89535295,Dray,Prescot
89535349,Alan,Akers
89535353,Alan,Akers
89535354,Alan,Akers
89535357,Alan,Akers
89535475,Alan,Akers
89535476,Alan,Akers
89535478,Alan,Akers
89535497,Alan,Akers
89535537,Alan,Akers
89535539,Alan,Akers
89535540,Alan,Akers
89535541,Alan,Akers
89535574,Alan,Akers
89535579,Alan,Akers
89535580,Alan,Akers
89535584,Alan,Akers
89535594,Alan,Akers
89535613,Alan,Akers
89535649,Alan,Akers
89535660,Alan,Akers
89535668,Alan,Akers
89535702,Dray,Prescot
89535717,Alan,Akers
89535732,Alan,Akers
89535752,Alan,Akers
89535768,Alan,Akers
89535776,Alan,Akers
89535798,Alan,Akers
89535807,Alan,Akers
89535818,Alan,Akers
89535827,Alan,Akers
89535835,Alan,Akers
89535843,Alan,Akers
89535845,Alan,Akers
89535857,Alan,Akers
89535866,Alan,Akers
89535871,Alan,Akers
89535876,Alan,Akers
89535888,Mack,Maloney
89535895,Mack,Maloney
89535898,Mack,Maloney
89535907,Anne,McCaffrey
89536019,Anne,McCaffrey
89536043,Anne,McCaffrey
89536054,Anne,McCaffrey
89536058,Anne,McCaffrey
89536068,Anne,McCaffrey
89536072,Anne,McCaffrey
89536088,Anne,McCaffrey
89536100,Anne,McCaffrey
89536103,Anne,McCaffrey
89536106,Anne,McCaffrey
89536106,"Todd J.",McCaffrey
89536107,"Todd J.",McCaffrey
89536112,"Todd J.",McCaffrey
89536115,Anne,McCaffrey
89536115,"Todd J.",McCaffrey
89536117,"Todd J.",McCaffrey
89536121,"Todd J.",McCaffrey
89536123,Anne,McCaffrey
89536123,"Todd J.",McCaffrey
89536129,Anne,McCaffrey
89536129,"Todd J.",McCaffrey
89562884,Tad,Williams
89562912,Tad,Williams
89562932,Tad,Williams
89562954,Tad,Williams
89562985,Alastair,Reynolds
89563039,"Stephen R.",Donaldson
89563090,"Stephen R.",Donaldson
89563135,Timothy,Zahn
89563180,Timothy,Zahn
89563244,Timothy,Zahn
89563287,Timothy,Zahn
89563306,Timothy,Zahn
89563328,Timothy,Zahn
89563365,Timothy,Zahn
89563378,Timothy,Zahn
89563387,Timothy,Zahn
89563433,Anne,McCaffrey
89563486,Anne,McCaffrey
89563511,Anne,McCaffrey
89563566,"Paul O.",Williams
89563599,"Paul O.",Williams
89563628,"Paul O.",Williams
89563658,"Paul O.",Williams
89563677,"Paul O.",Williams
89563702,"Paul O.",Williams
89563745,"Paul O.",Williams
89563809,Gregory,Benford
89563859,Gregory,Benford
89563876,Gregory,Benford
89563906,Gregory,Benford
89563943,Gregory,Benford
89563959,Gregory,Benford
89564012,Tracy,Hickman
89564012,Margaret,Weis
89564040,Tracy,Hickman
89564040,Margaret,Weis
89564061,Tracy,Hickman
89564061,Margaret,Weis
89564078,Tracy,Hickman
89564078,Margaret,Weis
89564111,Tracy,Hickman
89564111,Margaret,Weis
89564134,Tracy,Hickman
89564134,Margaret,Weis
89564141,Tracy,Hickman
89564141,Margaret,Weis
89564203,Katherine,Kurtz
89564216,Katherine,Kurtz
89564226,Katherine,Kurtz
89564249,Katherine,Kurtz
89567776,Katherine,Kurtz
89568068,Katherine,Kurtz
89568474,Katherine,Kurtz
89570538,David,Brin
89571102,David,Brin
89572006,David,Brin
89572400,David,Brin
89572790,David,Brin
89577688,Isaac,Asimov
89577824,Isaac,Asimov
89577824,Robert,Silverberg
89578034,"Mark W.",Tiedemann
89578153,"Mark W.",Tiedemann
89578277,"Mark W.",Tiedemann
89578369,"Alexander C.",Irvine
89578875,Roger,Allen
89579079,Roger,Allen
89579248,Roger,Allen
89579390,Donald,Kingsbury
89583525,"Jack L",Chalker
89583540,"Jack L",Chalker
89583556,"Jack L",Chalker
89583845,"Jack L",Chalker
89583924,"Jack L",Chalker
89584024,"Jack L",Chalker
89584211,"Jack L",Chalker
89584344,"Jack L",Chalker
89584453,"Jack L",Chalker
89689981,"Jack L",Chalker
90290042,Terry,Goodkind
90290050,Terry,Goodkind
90290058,Terry,Goodkind
90290066,Terry,Goodkind
90903399,Terry,Brooks
90903406,Terry,Brooks
92260769,Terry,Goodkind
92837967,Roger,Zelazny
92838029,Janny,Wurts
92838041,Janny,Wurts
92838044,Janny,Wurts
92838050,Janny,Wurts
92838069,Janny,Wurts
92838074,Janny,Wurts
92838079,Janny,Wurts
92838081,Janny,Wurts
92838089,Janny,Wurts
99527193,David,Eddings
99527193,Leigh,Eddings
99671966,Steve,White
99671985,Steve,White
99671996,Steve,White
99672014,Steve,White
99672016,Steve,White
99672033,Steve,White
99672041,Steve,White
101004664,"Orson Scott",Card
102212997,Brian,Jacques
102213021,Brian,Jacques
103196487,"Raymond E",Feist
103198262,Michael,Williams
103198277,"Richard A.",Knaak
103198285,Dan,Parkinson
103364299,Ian,Irvine
103364304,Ian,Irvine
103364309,Ian,Irvine
103364316,Ian,Irvine
103364331,Ian,Irvine
103364342,Ian,Irvine
103364362,Ian,Irvine
103364367,Ian,Irvine
103364380,Ian,Irvine
103364384,Ian,Irvine
103364393,Ian,Irvine
107053548,Terry,Brooks
107262609,David,Eddings
107262609,Leigh,Eddings
108368211,Mercedes,Lackey
108368214,Mercedes,Lackey
108368217,Mercedes,Lackey
108368245,Mercedes,Lackey
108368249,Mercedes,Lackey
108368255,Mercedes,Lackey
108368257,Mercedes,Lackey
108368260,Mercedes,Lackey
108368265,Mercedes,Lackey
108368276,Martin,Greenberg
108368280,Mercedes,Lackey
108368285,Mercedes,Lackey
108368289,Mercedes,Lackey
108368293,Mercedes,Lackey
108368296,Erin,Hunter
108368299,Mercedes,Lackey
108368303,Mercedes,Lackey
108368306,Mercedes,Lackey
108368308,Mercedes,Lackey
108368310,Mercedes,Lackey
108607715,Steven,Brust
108607805,"C .J.",Cherryh
108607818,"C .J.",Cherryh
108607827,"C .J.",Cherryh
108607832,"C .J.",Cherryh
108607844,"C .J.",Cherryh
108607854,"C .J.",Cherryh
108607860,"C .J.",Cherryh
108607872,"C .J.",Cherryh
109210191,Susan,Coon
109210217,Susan,Coon
110096035,"L. E.",Modesitt
110493922,Elizabeth,Haydon
111529064,Terry,Brooks
111529198,Robert,Silverberg
111529355,Ben,Bova
111529357,Ben,Bova
111529521,Sara,Douglass
111529538,Sara,Douglass
111529540,Sara,Douglass
111529543,Sara,Douglass
111529551,Sara,Douglass
111529562,Sara,Douglass
111529569,Sara,Douglass
111529576,Sara,Douglass
111529585,Sara,Douglass
111529587,Sara,Douglass
111529591,Sara,Douglass
111559244,Andre,Norton
111559248,Mercedes,Lackey
111559322,Jerry,Pournelle
111711845,Terry,Pratchett
112604605,Morgan,Howell
112604617,Morgan,Howell
112604625,Morgan,Howell
113302904,Steve,White
113302958,"Jack L",Chalker
113302961,"Jack L",Chalker
113302963,"Jack L",Chalker
113302967,"Jack L",Chalker
113302980,"Guy Gavriel",Kay
113303007,"Guy Gavriel",Kay
113303014,"Guy Gavriel",Kay
114662399,Harry,Turtledove
114662408,Harry,Turtledove
114662411,Harry,Turtledove
114662416,Harry,Turtledove
114662418,Harry,Turtledove
114662420,Harry,Turtledove
114662421,Harry,Turtledove
114671542,"Philip K.",Dick
116227123,Erin,Hunter
116227125,Erin,Hunter
116227127,Erin,Hunter
116227129,Erin,Hunter
116227133,Erin,Hunter
116800052,Alastair,Reynolds
116800100,Alastair,Reynolds
116800119,Alastair,Reynolds
116800155,Alastair,Reynolds
116800159,Alastair,Reynolds
116800169,Alastair,Reynolds
116800180,Alastair,Reynolds
116800243,Margaret,Weis
116800256,Margaret,Weis
116800284,Margaret,Weis
116800385,Anne,McCaffrey
116800392,Anne,McCaffrey
116800399,Kate,Elliott
116800404,Kate,Elliott
116800408,Kate,Elliott
116800421,Andre,Norton
116800480,"Alan Dean",Foster
116800496,Mercedes,Lackey
116800511,Mercedes,Lackey
116800521,Mercedes,Lackey
116800531,Mercedes,Lackey
116800535,Mercedes,Lackey
116800535,Josepha,Sherman
116800536,Mercedes,Lackey
116800567,Robin,Hobb
116800595,Robin,Hobb
116800602,Robin,Hobb
116800618,Robin,Hobb
116800626,Robin,Hobb
116800644,Robin,Hobb
116800648,Robin,Hobb
116800660,Robin,Hobb
116800663,Robin,Hobb
116800667,Robin,Hobb
116800678,Robin,Hobb
116800684,Robin,Hobb
118409482,Robin,Hobb
118409487,Robin,Hobb
118409489,Robin,Hobb
118409491,Robin,Hobb
118663940,"Raymond E",Feist
119546078,"Simon R",Green
119546138,Stephen,Baxter
119546138,Terry,Pratchett
119546145,Stephen,Baxter
119546145,Terry,Pratchett
119546149,Stephen,Baxter
119546149,Terry,Pratchett
119546154,Stephen,Baxter
119546154,Terry,Pratchett
119546185,Piers,Anthony
119546185,Mercedes,Lackey
120233177,John,Brunner
120233186,John,Scalzi
120233193,John,Scalzi
120233201,John,Scalzi
120233205,John,Scalzi
120233210,John,Scalzi
120233220,John,Scalzi
120233225,Marianne,"de Pierres"
120233234,Marianne,"de Pierres"
120233238,Marianne,"de Pierres"
120233254,John,Ringo
120233271,John,Ringo
120233275,John,Ringo
120233280,John,Ringo
120233286,"Julie E.",Czerneda
120233302,"Julie E.",Czerneda
120233308,"Julie E.",Czerneda
120233320,"Julie E.",Czerneda
120233331,"Julie E.",Czerneda
120233342,"Julie E.",Czerneda
120233359,"Simon R",Green
120233365,"Simon R",Green
120233385,"Simon R",Green
120731228,"Simon R",Green
120731233,"Simon R",Green
122892070,"Dennis L.",McKiernan
122892081,"Dennis L.",McKiernan
122892086,"Dennis L.",McKiernan
122892090,"Dennis L.",McKiernan
122892093,"Dennis L.",McKiernan
124197590,"T. A.",Barron
124197619,"T. A.",Barron
124197621,"T. A.",Barron
124197978,Robert,Silverberg
124430451,"Dennis L.",McKiernan
124430465,Tina,Daniell
124430471,"Roland J",Green
124430482,"Roland J",Green
124430524,"Roland J",Green
124430533,Don,Perrin
124430565,Edo,"Van Belkom"
124430577,"Roland J",Green
124430636,Mercedes,Lackey
124430636,Roberta,Gellis
124430651,Mercedes,Lackey
124430651,Roberta,Gellis
124430657,Mercedes,Lackey
124430657,Roberta,Gellis
124430663,Mercedes,Lackey
124430663,Roberta,Gellis
124430668,Mike,Shepherd
124430700,Mike,Moscoe
124430722,Mike,Moscoe
124430724,Mike,Shepherd
124430747,Mike,Moscoe
124430760,Mike,Shepherd
124430800,Mike,Shepherd
124430819,Mike,Shepherd
124430876,Mike,Shepherd
124430895,Mike,Shepherd
124430984,Mike,Shepherd
124431009,Mike,Shepherd
124431015,Mike,Shepherd
124431022,Mike,Shepherd
124431029,Mike,Shepherd
124431039,Mike,Shepherd
124431045,Mike,Shepherd
124431051,Mike,Shepherd
124431055,Mike,Shepherd
124453566,Barbara,Hambly
124453574,Barbara,Hambly
124453586,Eldon,Thompson
124453817,Eldon,Thompson
124453832,Eldon,Thompson
124453912,Michelle,West
124454001,Michelle,West
124454019,Michelle,West
124454062,Michelle,West
124454087,Michelle,West
124454099,Michelle,West
124454102,Michelle,West
124454106,Michelle,West
124454110,Michelle,West
124454117,Michelle,West
124454123,Michelle,West
124454131,Michelle,West
124454144,"E. E.",Knight
124454158,"E. E.",Knight
124454162,"E. E.",Knight
124454170,"E. E.",Knight
124454171,"E. E.",Knight
124454173,"E. E.",Knight
124454187,Janny,Wurts
124454194,Janny,Wurts
124454198,Janny,Wurts
124454272,Mary,Gentle
124454278,Mary,Gentle
124454313,Lynn,Flewelling
124454317,Lynn,Flewelling
124454319,Lynn,Flewelling
124454322,Lynn,Flewelling
124454329,Lynn,Flewelling
124454333,Lynn,Flewelling
124454335,Lynn,Flewelling
124454340,Dave,Duncan
124454345,Dave,Duncan
124454380,"Jeffrey A.",Carver
124454393,"Jeffrey A.",Carver
124454395,"Jeffrey A.",Carver
124454397,"Jeffrey A.",Carver
128388423,Holly,Lisle
128388436,Holly,Lisle
128388447,Holly,Lisle
128388453,Holly,Lisle
129027921,Tracy,Hickman
129027921,Margaret,Weis
129027933,Tracy,Hickman
129027933,Margaret,Weis
129027944,Tracy,Hickman
129027944,Margaret,Weis
129027955,Barbara,Hambly
129289912,"Philip Jose",Farmer
129289912,"Win Scott",Eckert
129289925,"Philip Jose",Farmer
129290055,Brian,Jacques
129290088,Terry,Pratchett
129290142,Brian,Jacques
130465132,Terry,Brooks
131856069,Richard,Fawkes
131856111,David,Weber
131856224,"C. L.",Anderson
132589704,Robert,Silverberg
134716533,Terry,Brooks
