bookID,seriesName,position
87209794,"Book of the Isle",5
87209851,"Book of the Isle",3
87209903,"Book of the Isle",4
87209922,"Book of the Isle",1
87209962,"Book of the Isle",2
87210067,"Sword in Exile",1
87210078,"Sword in Exile",2
87210135,"Sword in Exile",3
87210415,Xenogenesis,3
87210454,Xenogenesis,2
87210592,Xenogenesis,1
87210610,"Mars Trilogy",2
87210622,"Mars Trilogy",1
87210629,"Mars Trilogy",3
87210631,"Mars Trilogy",100
87210641,"Queen Of Angels",2
87210663,"Queen Of Angels",1
87210682,"Queen Of Angels",4
87210691,"Queen Of Angels",3
87210707,"Spelljammer: Cloakmaster",6
87210717,"Spelljammer: Cloakmaster",5
87210747,"Spelljammer: Cloakmaster",4
87210752,"Spelljammer: Cloakmaster",3
87210764,"Spelljammer: Cloakmaster",2
87210771,"Spelljammer: Cloakmaster",1
87210777,"Darwin Series",2
87210783,"Darwin Series",1
87210798,"Dream Trio",3
87210801,"Dream Trio",1
87210806,"Dream Trio",2
87210823,"Nicole Shea",3
87210831,"Nicole Shea",2
87210855,"Nicole Shea",1
87210896,"The Eon Series",2
87210904,Disinherited,2
87210904,"The Eon Series",0
87210905,"The Eon Series",1
87210931,"Fern Capel",3
87210940,"Fern Capel",2
87210948,"Fern Capel",1
87210959,"The Belgariad",0.2
87210968,"The Belgariad",5
87210978,"The Belgariad",4
87210984,"The Belgariad",3
87210988,"The Belgariad",2
87210993,"The Belgariad",1
87211025,"Bifrost Guardians",1
87211028,"Bifrost Guardians",2
87211032,"Bifrost Guardians",3
87211036,"Bifrost Guardians",4
87211038,"Bifrost Guardians",5
87211055,"Tiger and Del",5
87211067,"Tiger and Del",6
87211073,"Tiger and Del",1
87211079,"Tiger and Del",2
87211087,"Tiger and Del",3
87211089,"Tiger and Del",4
87211096,"The Golden Queen",3
87211100,"The Golden Queen",2
87211103,"The Golden Queen",1
87211110,"Hythrun Chronicles",1
87211113,"Demon Child",3
87211120,"Tales of Alaric the Minstrel",1
87211125,"Tales of Alaric the Minstrel",2
87211134,"Chronoplane Wars",2
87211136,"Chronoplane Wars",1
87211140,"Chronoplane Wars",3
87211353,"The Belgariad",0.1
87239188,Acorna,2
87239202,Acorna,1
87239213,Acorna,3
87239222,Acorna,4
87239238,Acorna,5
87239257,Acorna,6
87239268,Acorna,7
87239282,"Acorna's Children",3
87239290,"Acorna's Children",1
87239327,Acorna,2
87257229,"Harvest of Stars",1
87257304,"Harvest of Stars",2
87257332,"Harvest of Stars",3
87257347,"Harvest of Stars",4
87257394,"Frank Frazetta's Death Dealer",4
87257416,"Frank Frazetta's Death Dealer",3
87257437,"Frank Frazetta's Death Dealer",2
87257452,"Frank Frazetta's Death Dealer",1
87257562,Adept,5
87257606,Adept,4
87257624,Adept,3
87257636,Adept,2
87257649,Adept,1
87257753,Quantrill,1
87257770,Quantrill,2
87257784,Quantrill,3
87257858,Tarot,2
87257872,Tarot,1
87257889,Tarot,3
87258095,"House of Elgin",1
87258119,"House of Elgin",2
87258190,Silistra,3
87258215,Silistra,4
87258247,Silistra,1
87258279,Silistra,2
87258308,"Pip and Flinx",9
87258365,"With Friends . . .",1
87258391,"With Friends . . .",2
87258413,"Pip and Flinx",10
87258431,"Pip and Flinx",1
87258448,"Pip and Flinx",3
87258470,"Pip and Flinx",6
87258481,"Pip and Flinx",5
87258506,"Pip and Flinx",7
87258553,"Pip and Flinx",2
87258566,"Pip and Flinx",4
87258574,"Pip and Flinx",8
87258578,"Pip and Flinx",8.1
87258599,"Pip and Flinx",11
87258612,"Pip and Flinx",12
87258624,"Pip and Flinx",13
87258627,"Pip and Flinx",14
87258637,"Pip and Flinx",15
87259007,"Jupiter Project",1
87259023,"Jupiter Project",2
87259059,"Lin Carter's Mars",4
87259191,"Lin Carter's Mars",2
87259246,"Lin Carter's Mars",3
87259304,"Lin Carter's Mars",1
87259354,"Atlan Saga",5
87259378,"Atlan Saga",1
87259424,"Atlan Saga",4
87259647,"Atlan Saga",3
87259742,"Atlan Saga",2
87259762,Horseclans,2
87259779,Horseclans,1
87259795,Horseclans,3
87259803,Horseclans,4
87259809,Horseclans,5
87259812,Horseclans,6
87259816,Horseclans,7
87259821,Horseclans,8
87259829,Horseclans,9
87259833,Horseclans,10
87259843,Horseclans,11
87259851,Horseclans,12
87259864,Horseclans,13
87259868,Horseclans,14
87259875,Horseclans,15
87259888,Horseclans,16
87259895,Horseclans,17
87259904,Horseclans,18
87259908,Horseclans,101
87259910,Horseclans,102
87259943,Giants,1
87259964,Giants,2
87259989,Giants,5
87260036,Giants,3
87260094,"Twin planets",2
87260109,"Twin planets",1
87260152,Valdemar,11
87260175,Valdemar,10
87260201,Valdemar,12
87260213,Valdemar,5
87260233,Valdemar,4
87260248,Valdemar,20
87260273,Valdemar,9
87260306,Valdemar,8
87260318,Valdemar,7
87260436,Valdemar,6
87260462,"Obsidian Trilogy",2
87260476,"Obsidian Trilogy",3
87260548,"Obsidian Trilogy",1
87260565,"The Elemental Masters Series",5
87260579,"The Elemental Masters Series",1
87260589,"The Elemental Masters Series",2
87260598,"The Elemental Masters Series",3
87260608,"The Elemental Masters Series",4
87260611,"The Elemental Masters Series",6
87260616,"The Elemental Masters Series",7
87260621,"The Elemental Masters Series",8
87260622,"The Elemental Masters Series",8.1
87260656,"Dragonriders of Pern",13
87260684,"Dragonriders of Pern",2
87260710,"Dragonriders of Pern",19
87260726,"Harper Hall Trilogy",1
87260756,"Dragonriders of Pern",20
87260772,"Dragonriders of Pern",10
87260784,"Dragonriders of Pern",9
87260799,"Dragonriders of Pern",1
87260858,"Dragonlance: Chronicles",1
87260881,"Dragonlance: Chronicles",3
87260920,"Dragonlance: Chronicles",2
87260987,"Dragonlance: Legends",3
87260992,"Dragonlance: Legends",2
87261001,"Dragonlance: Heroes",1
87261016,"Dragonlance: Heroes",3
87261030,"Dragonlance: Heroes",2
87261035,"Dragonlance: Legends",1
87261474,"Far Stars and Future Times",2
87261494,"Far Stars and Future Times",1
87261531,Redwall,6
87261552,Redwall,1.1
87261564,Redwall,2
87261692,Metaplanetary,2
87261748,"Marla Mason",1
87261767,City/Coven,1
87261785,City/Coven,2
87261813,"Grand Tour",10
87261838,Stardoc,4
87261872,Warbots,7
87261889,"Master of Magics",3
87261902,"Seeking Sword",2
87261939,"The Once and Future King",4.5
87280987,"Grand Tour",1
87281001,"Grand Tour",3
87281017,"Grand Tour",4
87281028,"Grand Tour",5
87281033,"Grand Tour",6
87281041,"Grand Tour",7
87281073,"The Asteroid Wars",1
87281088,"The Asteroid Wars",2
87281096,"The Asteroid Wars",4
87281105,"Grand Tour",14
87281144,"The Asteroid Wars",3
87281162,"Grand Tour",17
87281173,"Grand Tour",19
87281191,"Grand Tour",18
87281231,Stardoc,1
87281237,Stardoc,2
87281264,Stardoc,5
87281270,Stardoc,6
87281274,Stardoc,7
87281299,Stardoc,8
87281313,Stardoc,9
87281318,Stardoc,10
87281325,Stardoc,80
87281337,Stardoc,81
87281347,Stardoc,99
87281376,"Master of Magics",1
87281386,"Master of Magics",2
87281432,"The Dreamers",2
87281469,"The Dreamers",3
87281520,"Earth's Children",5
87281542,"Earth's Children",1
87281550,"Earth's Children",2
87281563,"Earth's Children",4
87281569,"Earth's Children",6
87281632,"Saga of the Kerrion Empire",2
87281659,"Saga of the Kerrion Empire",1
87281669,"Saga of the Kerrion Empire",3
87281725,"The Troy Game",1
87281741,"The Troy Game",2
87281746,"The Troy Game",3
87281755,"The Troy Game",4
87281774,"Deverry Cycle",7
87281798,"Deverry Cycle",1
87281806,"Deverry Cycle",2
87281815,"Deverry Cycle",3
87281820,"Deverry Cycle",4
87281830,"Deverry Cycle",5
87281838,"Deverry Cycle",6
87281850,"Deverry Cycle",8
87281877,"Deverry Cycle",9
87281884,"Deverry Cycle",10
87281896,"Deverry Cycle",11
87281900,"Deverry Cycle",12
87281908,"Deverry Cycle",13
87281911,"Deverry Cycle",14
87281915,"Deverry Cycle",15
87281937,"Dune: House Trilogy",1
87281952,"Dune: House Trilogy",3
87281968,"Dune: House Trilogy",2
87281993,"Seafort Saga",5
87282002,"Seafort Saga",1
87282010,"Seafort Saga",2
87282016,"Seafort Saga",3
87282031,"Seafort Saga",4
87282042,"Seafort Saga",6
87282046,"Seafort Saga",7
87282087,"Green Rider",1
87282100,"Green Rider",2
87282111,"Green Rider",3
87282120,"Green Rider",4
87282176,"Changer of Days",1
87282187,"Changer of Days",2
87282196,"Symphony of Ages",1
87282214,"Symphony of Ages",2
87282216,"Symphony of Ages",3
87282218,"Symphony of Ages",4
87282222,"Symphony of Ages",5
87282227,"Symphony of Ages",6
87282303,"Castle of Dark",99
87282320,"World of Tiers",5
87282331,"World of Tiers",1
87282332,"World of Tiers",2
87282333,"World of Tiers",3
87282335,"World of Tiers",4
87282339,"World of Tiers",6
87282347,"World of Tiers",7
87282348,"The Black Magician Trilogy",1
87282353,"The Black Magician Trilogy",0
87282356,"The Black Magician Trilogy",2
87282358,"The Black Magician Trilogy",3
87282374,"The Hunted Earth",2
87282387,"The Runelords",1
87282390,"The Runelords",2
87282400,"The Runelords",3
87282406,"The Runelords",4
87282412,"The Runelords",5
87282422,"The Runelords",6
87282427,"The Runelords",7
87282432,"The Runelords",8
87282437,"Silken Magic Series",1
87282449,"Silken Magic Series",2
87315846,"The Far Kingdoms",4
87315852,"The Far Kingdoms",2
87315854,"Seeking Sword",1
87315878,"Operation Chaos",1
87315887,"Operation Chaos",2
87315903,"The Once and Future King",5
87315921,"Keeper's Chronicles",2
87315927,"Keeper's Chronicles",1
87315929,"Keeper's Chronicles",3
87315980,"The Mote in God's Eye",1
87315992,CoDominium,1
87315997,"The Mote in God's Eye",2
87315999,"The Mote in God's Eye",3
87316004,"The Hunted Earth",1
87316025,Rifkind,2
87316029,Rifkind,3
87316030,Rifkind,1
87316046,"The Cycle of Oak,"" Yew"", Ash and Rowan",1
87316051,"The Cycle of Oak,"" Yew"", Ash and Rowan",2
87316055,"The Cycle of Oak,"" Yew"", Ash and Rowan",3
87316057,"The Cycle of Oak,"" Yew"", Ash and Rowan",4
87316058,"The Cycle of Oak,"" Yew"", Ash and Rowan",5
87316063,Cygnet,2
87316066,Cygnet,1
87316068,Cygnet,3
87316085,Colonization,1
87316091,Worldwar,1
87316096,Worldwar,2
87316098,Worldwar,3
87316100,Worldwar,4
87316103,Colonization,2
87316108,Colonization,3
87316111,"Tosev Timeline",8
87316120,"Darkwar Saga",3
87316136,"Riftwar Saga",1.2
87316141,"Legends of the Riftwar",3
87316148,"Legends of the Riftwar",1
87316152,"The Empire Trilogy",1
87316154,"Riftwar Saga",2
87316156,"Riftwar Saga",3
87316160,"The Empire Trilogy",2
87316164,"The Empire Trilogy",3
87316176,"Krondor's Sons",1
87316177,"Krondor's Sons",2
87316182,"Serpentwar Saga",3
87316185,"Serpentwar Saga",4
87316187,"Conclave of Shadows",1
87316188,"Conclave of Shadows",2
87316191,"Conclave of Shadows",3
87316191,"Ghatti's Tale",3
87316192,"Darkwar Saga",1
87316194,"Darkwar Saga",2
87316196,"The Demonwar Saga",1
87316199,"The Demonwar Saga",2
87316200,"Chaoswar Saga",1
87316204,"Chaoswar Saga",2
87316222,"Seven Brothers",1
87316227,"Seven Brothers",2
87316230,"Seven Brothers",3
87316231,"Seven Brothers",4
87316309,"The Demon Wars Saga",1
87316314,"The Demon Wars Saga",2
87316316,"The Demon Wars Saga",3
87316317,"The Demon Wars Saga",4
87316327,"Song of Earth",3
87316330,"Song of Earth",1
87316335,"Song of Earth",2
87316339,"ConSentiency Series",4
87316347,"ConSentiency Series",2.1
87316349,"ConSentiency Series",3
87316356,"Wilderness of Four",1
87316358,"Wilderness of Four",2
87316364,"Wilderness of Four",3
87316366,"Wilderness of Four",4
87316371,"Alliance-Union: The Era of Reapprochment",2
87316393,"Alliance-Union: The Hanan Rebellion",1
87316395,"Alliance-Union: The Era of Reapprochment",1
87316397,"Alliance-Union: The Hanan Rebellion",2
87316398,"Alliance-Union: The Faded Sun",1
87316399,"Alliance-Union: The Faded Sun",2
87316401,"The Faded Sun",3
87316402,"The Company Wars",3
87316406,Chanur,1
87316410,"The Company Wars",4
87316411,"Alliance-Union: The Age of Exploration",1
87316414,"Alliance-Union: The Age of Exploration",2
87316416,Chanur,13
87316419,Chanur,14
87316425,"Alliance-Union: The Age of Exploration",3
87316427,"Merovingen Nights",0
87316429,Chanur,4
87316431,"Merovingen Nights",1
87316435,"Merovingen Nights",2
87316440,"Merovingen Nights",3
87316443,"Merovingen Nights",4
87316446,"The Company Wars",5
87316450,"Merovingen Nights",5
87316456,"The Company Wars",1
87316463,"Merovingen Nights",6
87316468,"Merovingen Nights",7
87316472,"The Company Wars",2
87316474,Chanur,5
87316477,"The Company Wars",6
87316482,"The Company Wars",7
87349410,"Gate of worlds",1
87349490,"The Earthsea Cycle",500
87349520,"The Earthsea Cycle",1
87349527,"The Earthsea Cycle",2
87349537,"The Earthsea Cycle",3
87349545,"The Earthsea Cycle",4
87349550,"The Earthsea Cycle",5
87349561,"The Earthsea Cycle",6
87349579,"Hainish Cycle",5
87349599,"Hainish Cycle",6
87349642,"Hainish Cycle",1
87349645,"Hainish Cycle",2
87349651,"Hainish Cycle",3
87349653,"Hainish Cycle",4
87349657,"Hainish Cycle",7
87349663,"Hainish Cycle",8
87349668,"Hainish Cycle",92
87349673,"Hainish Cycle",91
87408394,Worlds,2
87408400,Worlds,1
87408410,Worlds,3
87408431,Deathworld,4
87408475,"Future History",120
87408553,"Ryhope Wood",4
87408560,"Ryhope Wood",1
87408562,"Ryhope Wood",2
87408569,"Ryhope Wood",3
87408574,"Ryhope Wood",5
87408580,"Ryhope Wood",6
87408587,"Ryhope Wood",7
87408615,Kar-Chee,10
87408625,"Fred Halpren ",3
87408748,"Dirk Gently",1
87408752,"Dirk Gently",2
87408778,"Songs of Earth And Power",100
87408792,"Exiles Trilogy",100
87408801,"Dane Marsh",1
87408809,"Dane Marsh",2
87408812,"The Fall of Atlantis",1
87408843,"The Fall of Atlantis",2
87408881,"Demu Trilogy",100
87408898,"Living Planet",2
87408902,"Living Planet",1
87408918,Leibowitz,1
87409069,Leibowitz,2
87409358,"Near Space",4
87409364,"Near Space",1
87409394,"Near Space",3
87409430,"Near Space",5
87409441,"Fifth Millenium",1
87409456,"Fifth Millenium",3
87409460,"Fifth Millenium",4
87409463,"Fifth Millenium",5
87409467,"Fifth Millenium",6
87409469,"Fifth Millenium",7
87409474,"Fifth Millenium",2
87409511,"LaNague Federation Series",4
87409514,"LaNague Federation Series",1
87409521,"LaNague Federation Series",2
87409532,"LaNague Federation Series",5
87533764,Redwall,4
87571004,"The Far Kingdoms",1
87571047,Mithgar,5
87571063,Mithgar,1
87571074,Mithgar,2
87571082,Mithgar,3
87571088,Mithgar,4
87571092,Mithgar,6
87571096,Mithgar,7
87571102,Mithgar,8
87571106,Mithgar,9
87571111,Mithgar,10
87571116,Mithgar,11
87571127,Mithgar,12
87571135,Mithgar,13
87571141,Mithgar,14
87571143,Mithgar,15
87571158,Vorkosigan,8
87571170,Vorkosigan,0
87571172,Vorkosigan,1
87571180,Vorkosigan,3
87571183,Vorkosigan,4
87571184,Vorkosigan,5
87571187,Vorkosigan,7
87571197,Vorkosigan,9
87571214,Vorkosigan,11
87571219,Vorkosigan,12
87571223,Vorkosigan,13
87571231,Vorkosigan,14
87571235,Vorkosigan,15
87571245,Vorkosigan,16
87571252,Vorkosigan,10
87571264,Sten,5
87571271,Sten,1
87571274,Sten,2
87571282,Sten,4
87571293,Sten,7
87571299,Sten,8
87571305,Sten,6
87571377,Deathlands,20
87571426,Retief,7
87571435,Retief,1
87571438,Retief,2
87571440,Retief,3
87571443,Retief,4
87571448,Retief,5
87571451,Retief,6
87571452,Retief,8
87571454,Retief,9
87571456,Retief,10
87571463,Retief,11
87571465,Retief,12
87571467,Retief,13
87571473,Retief,14
87571474,Retief,15
87571477,Retief,16
87571480,Retief,17
87571487,Retief,18
87571493,"Fafhrd and the Gray Mouser",2
87571503,"Fafhrd and the Gray Mouser",1
87571508,"Fafhrd and the Gray Mouser",3
87571514,"Fafhrd and the Gray Mouser",4
87571517,"Fafhrd and the Gray Mouser",5
87571525,"Fafhrd and the Gray Mouser",7
87571526,"Fafhrd and the Gray Mouser",8
87571530,"Chronicles of Amber",3
87571536,"Chronicles of Amber",1
87571539,"Chronicles of Amber",2
87571541,"Chronicles of Amber",4
87571547,"Chronicles of Amber",5
87571556,Stardoc,3
87571620,Clane,2
87571625,Clane,1
87571630,"Doomsday Warrior",9
87571637,"Time Traders",2
87571663,"Time Traders",1
87571671,"Time Traders",3
87571679,"Time Traders",4
87571685,"Time Traders",5
87571696,"Time Traders",6
87571699,"Time Traders",7
87571708,"Near Space",2
87571727,"The Survivalist",25
87571732,Skylark,4
87571737,Skylark,1
87571749,Sten,3
87571762,"Spellsong Cycle",1
87571770,"Spellsong Cycle",4
87571776,"Spellsong Cycle",3
87571784,"Spellsong Cycle",2
87571791,"Spellsong Cycle",5
87571816,Skylark,2
87571825,Skylark,3
87571828,Xanth,8
87571831,Dragonstar,3
87571837,Dragonstar,1
87571849,Dragonstar,2
87608321,"Last Rune",3
87608324,"Last Rune",1
87608329,"Last Rune",4
87608340,"Last Rune",6
87608345,Discworld,23
87608351,Discworld,1
87608352,Discworld,2
87608353,Discworld,3
87608354,Discworld,4
87608358,Discworld,5
87608359,Discworld,6
87608361,Discworld,7
87608361,Pilgrim,1
87608366,Discworld,8
87608371,Discworld,9
87608374,Discworld,10
87608377,Discworld,11
87608380,Discworld,12
87608381,Discworld,13
87608383,Discworld,14
87608384,Discworld,15
87608386,Discworld,16
87608388,Discworld,17
87608392,Discworld,18
87608398,Discworld,19
87608402,Discworld,20
87608404,Discworld,21
87608407,Discworld,22
87608409,Discworld,24
87608411,Discworld,25
87608412,Discworld,26
87608415,Discworld,27
87608418,Discworld,28
87608421,Discworld,29
87608422,Discworld,30
87608425,Discworld,31
87608428,Discworld,32
87608429,Discworld,33
87608432,Discworld,34
87608435,Discworld,34
87608436,Discworld,36
87608437,Discworld,37
87608438,Discworld,38
87608441,Discworld,39
87608443,"Dream Park",3
87608446,"Dream Park",1
87608448,"Dream Park",2
87608451,"Dream Park",4
87608452,"Saga of Recluce",6
87608461,"Saga of Recluce",2
87608462,"Saga of Recluce",3
87608472,"Saga of Recluce",5
87608474,"Saga of Recluce",7
87608477,"Saga of Recluce",8
87608480,"Saga of Recluce",9
87608481,"Saga of Recluce",10
87608496,"Saga of Recluce",11
87608501,"Saga of Recluce",12
87608505,"Saga of Recluce",13
87608508,"Saga of Recluce",14
87608513,"Saga of Recluce",15
87608517,"Saga of Recluce",16
87608536,"The Far Kingdoms",3
87653618,Dragonmaster,1
87653627,Dragonmaster,2
87653630,Dragonmaster,3
87653633,"Deathstalker - Prelude",1
87653666,"Deathstalker - First Episode",1
87653670,"Deathstalker - First Episode",2
87653676,"Deathstalker - First Episode",3
87653685,"Deathstalker - First Episode",4
87653689,"Deathstalker - First Episode",5
87653697,"Deathstalker - Second Episode",6
87653700,"Deathstalker - Second Episode",7
87653709,"Deathstalker - Second Episode",8
87653734,Behemoth,1
87653758,Behemoth,2
87653764,Behemoth,3
87653771,"Saga of Recluce",1
87653798,Dumarest,1
87653818,Preternatural,1
87653825,Preternatural,2
87653829,Preternatural,3
87654104,"Requiem for Homo Sapiens",3
87654120,"Requiem for Homo Sapiens",2
87654126,"Requiem for Homo Sapiens",1
87654130,"Requiem for Homo Sapiens",0
87654141,"The War Against the Chtorr",4
87654158,"The War Against the Chtorr",2
87654160,"The War Against the Chtorr",3
87654163,"The War Against the Chtorr",1
87654180,Valdemar,1
87654187,Valdemar,2
87654191,Valdemar,3
87654203,"Queen of Camelot",1
87654218,"Queen of Camelot",2
87654256,"Dragaera: Vlad Taltos",7
87654264,"Dragaera: Vlad Taltos",5
87654274,"Dragaera: Vlad Taltos",3
87654285,"Dragaera: Vlad Taltos",1
87654289,"Dragaera: Vlad Taltos",4
87654292,"Dragaera: Vlad Taltos",2
87654334,"Dragaera: Vlad Taltos",6
87654338,"Dragaera: Vlad Taltos",8
87654342,"Dragaera: Vlad Taltos",9
87654346,"Dragaera: Vlad Taltos",10
87654354,"Dragaera: Vlad Taltos",11
87654358,"Dragaera: Vlad Taltos",12
87654366,"Dragaera: Vlad Taltos",13
87654396,Winterlands,4
87654402,Winterlands,3
87654412,Winterlands,1
87654421,Winterlands,2
87654457,Vorkosigan,2
87654490,"The Bronze Canticles",1
87654494,"The Bronze Canticles",2
87654499,"The Bronze Canticles",3
87654516,"Tale of Eron",1
87654524,"Tale of Eron",3
87654531,"Tale of Eron",4
87654543,"Tale of Eron",2
87654565,"Lords of Dus",1
87654569,"Lords of Dus",3
87654573,"Lords of Dus",4
87654576,"Lords of Dus",2
87654592,Outlanders,29
87654600,Outlanders,21
87654617,Timewars,1
87654621,Timewars,3
87654627,Timewars,2
87654633,Timewars,4
87654638,Timewars,5
87654642,Timewars,6
87654645,Timewars,7
87654648,Timewars,8
87654651,Timewars,9
87654659,Timewars,10
87654662,Timewars,11
87654665,Timewars,12
87654675,Ni-Lach,4
87654678,Ni-Lach,3
87654686,Ni-Lach,2
87654688,Ni-Lach,1
87654711,"The Dreamers",1
87655065,"Rogue Wizard",3
87655102,"Warlock of Gramarye",6
87655110,"Terran Empire",4
87655117,"Saga of Dominic Flandry",3
87655124,"Saga of Dominic Flandry",2
87655128,"Terran Empire",2
87655137,"Pandora Trilogy",1
87655145,"Pandora Trilogy",3
87655149,"Destination: Void Universe",1
87655159,Timeline-191,5
87655172,Timeline-191,6
87655176,Timeline-191,7
87683067,"Adventures in Science Fiction Series",1
87683080,"Flashing Swords!",5
87683086,"Flashing Swords!",1
87683094,"Flashing Swords!",2
87683095,"Flashing Swords!",3
87683098,"Flashing Swords!",4
87683150,Fuzzies,4
87683186,Fuzzies,2
87683214,Fuzzies,4
87683362,"Tom Swift  Jr. Adventures",6
87748648,"Last Rune",5
87777572,"Philip Jose Farmer's The Dungeon",2
87777594,"Philip Jose Farmer's The Dungeon",1
87777611,"Philip Jose Farmer's The Dungeon",3
87777618,"Philip Jose Farmer's The Dungeon",4
87777624,"Philip Jose Farmer's The Dungeon",5
87777624,"The Averalaan Universe",15
87777695,"Bridge Trilogy",1
87777703,"Bridge Trilogy",2
87777707,"Bridge Trilogy",3
87777746,"Band of Four",2
87777754,"Band of Four",1
87777758,"Band of Four",3
87777766,"Band of Four",4
87777778,"Last Rune",2
87868628,"Legion of the Damned",3
87868637,"Legion of the Damned",2
87868637,"Philip Jose Farmer's The Dungeon",6
87868644,"Legion of the Damned",1
87868650,"Legion of the Damned",4
87868653,"Legion of the Damned",7
87868654,"Legion of the Damned",5
87868657,"Legion of the Damned",6
87868662,"Legion of the Damned",8
87868682,"Wheel of Time",1
87868688,"Wheel of Time",2
87868693,"Wheel of Time",3
87868723,"Wheel of Time",4
87868737,"Wheel of Time",5
87868741,"Wheel of Time",6
87868749,"Wheel of Time",7
87868759,"Wheel of Time",8
87868767,"Wheel of Time",9
87868782,"Wheel of Time",10
87868795,"Wheel of Time",0
87868798,"Wheel of Time",14
87868802,"Wheel of Time",13
87868805,"Wheel of Time",12
87868810,"Wheel of Time",11
87868855,"Ler Chronological",2
87868861,"Ler Chronological",1
87868864,"Ler Chronological",3
87868868,"Stars series",2
87868873,"Stars series",3
87868877,"Stars series",1
87868883,"Dinosaur Planet",2
87868889,"Dinosaur Planet",1
87868902,Needle,1
87868913,Needle,2
87868914,"Forgotten Realms: Sembia",1
87868924,"Forgotten Realms: Sembia",2
87868928,"Forgotten Realms: Sembia",3
87868942,"Forgotten Realms: Sembia",4
87868954,"Forgotten Realms: Sembia",5
87868957,"Forgotten Realms: Sembia",6
87868961,"Forgotten Realms: Sembia",7
87899757,"Pandora Trilogy",2
87899795,"Ghost Stories",2
87900574,"Ghost Stories",1
87900598,"Ghost Stories",3
87900618,Fuzzies,1
87900635,"The Heechee Saga",3
87900645,"The Heechee Saga",2
87900672,"The Heechee Saga",1
87900678,"The Heechee Saga",4
87900682,"The Heechee Saga",5
87900690,"The Heechee Saga",6
87900723,"Neanderthal Parallax",1
87900728,"Neanderthal Parallax",2
87900734,"Neanderthal Parallax",3
87900769,Callisto,7
87900781,Callisto,1
87900791,Callisto,2
87900810,Callisto,3
87900817,Callisto,4
87900823,Callisto,5
87900828,Callisto,6
87900838,Callisto,8
87902983,"War World",5
87902999,"War World",3
87903028,"War World",2
87903039,"War World",4
87903043,"War World",6
87903056,"War World",7
87903082,"Thlassa Mey",3
87903086,"Thlassa Mey",2
87903102,"Thlassa Mey",4
87981530,Darkover,11
87981552,Darkover,18
87981569,Darkover,8
87981596,Darkover,20
87981604,Darkover,35
87981619,Darkover,35
87981629,Darkover,19
87981641,"Dark Border",1
87981656,Belisarius,2
87981667,Belisarius,1
87981676,Belisarius,3
87981680,Belisarius,4
87981683,Belisarius,5
87981688,Belisarius,6
88016278,"Lafayette O'Leary",1
88016292,"Lafayette O'Leary",2
88016301,"Lafayette O'Leary",3
88016308,"Lafayette O'Leary",4
88016311,"Lafayette O'Leary",100
88016360,"Pegasus Trilogy",2
88016374,"Pegasus Trilogy",3
88016387,"Seas of Kilmoyn",1
88016458,"Patterns of Chaos",2.5
88016468,"Patterns of Chaos",4.5
88016477,Anthi,2
88016505,Anthi,1
88016525,"Book of Elementals",2
88016532,"Book of Elementals",1
88016613,"Three Californias",2
88016619,"Three Californias",1
88016621,"Three Californias",3
88016626,"Kevin Fikkan",1
88016645,"Kevin Fikkan",2
88016653,"Halfblood Chronicles",2
88016664,"Halfblood Chronicles",3
88016666,"Halfblood Chronicles",1
88016690,"Crisis of Empire",3
88016694,"Crisis of Empire",1
88016698,"Crisis of Empire",2
88016702,"Crisis of Empire",4
88016707,"Stars & Stripes",1
88016713,"Stars & Stripes",2
88016715,"Stars & Stripes",3
88016738,"Pegasus Trilogy",1
88016756,Bolos,2
88016766,Bolos,4
88016771,Bolos,5
88016794,Bolos,1
88016799,Bolos,3
88016803,Bolos,6
88016807,Bolos,7
88016810,Bolos,8
88016813,Bolos,9
88016816,Bolos,10
88016818,Bolos,11
88016825,Bolos,12
88016832,Bolos,13
88016834,Bolos,14
88016840,"Thlassa Mey",1
88016846,"Thlassa Mey",2
88016872,"Songs of the Stellar Wind",1
88016881,AngeLINK,1
88016888,AngeLINK,0
88016890,AngeLINK,2
88016892,AngeLINK,3
88016896,AngeLINK,4
88016901,"Song of Earth",4
88149522,"Wizard War Chronicles",2
88149531,"Wizard War Chronicles",1
88149532,"Wizard War Chronicles",3
88695693,Dumarest,109
88695782,Dumarest,15
88695825,Dumarest,16
88695839,Dumarest,19
88695852,Dumarest,20
88695866,"Psychotechnic League",21
88695886,"Psychotechnic League",15
88695909,"Psychotechnic League",23
88695917,"Psychotechnic League",24
88695921,"Psychotechnic League",26
88695978,"Gerald Knave, Survivor",2
88695997,"Gerald Knave, Survivor",1
88695997,"Vicky Peterwald",2
88696027,"Gerald Knave, Survivor",4
88696079,"Tales of the Wolves",1
88696120,"Grey Wolf",2
88696161,"Grey Wolf",3
88696174,"Grey Ones",4
88696195,"Grey Wolf",5
88696214,"Grey Wolf",6
88696234,"Grey Wolf",7
88696350,"Island in the Sea of Time Trilogy",2
88696369,"Island in the Sea of Time Trilogy",1
88696375,"Island in the Sea of Time Trilogy",3
88696391,"Diana Tregarde Investigations",1
88696425,"Diana Tregarde Investigations",3
88696441,"Diana Tregarde Investigations",2
88696454,Plenty,2
88696466,Plenty,1
88696471,Plenty,3
88696548,"The Sholan Alliance",4
88696578,"The Sholan Alliance",1
88696587,"The Sholan Alliance",2
88696591,"The Sholan Alliance",3
88696597,"The Sholan Alliance",5
88696607,"The Sholan Alliance",6
88696618,"The Sholan Alliance",7
88696626,"The Sholan Alliance",8
88696673,"Von Bek Family",1
88696691,"Von Bek Family",2
88696695,"Von Bek Family",3
88696730,"Forgotten Realms: The Dark Elf Trilogy",2
88696748,"Forgotten Realms: The Dark Elf Trilogy",1
88696752,"Forgotten Realms: The Dark Elf Trilogy",3
88696796,"Bantam Conan",1
88696821,"Bantam Conan",2
88696827,"Bantam Conan",3
88696835,"Bantam Conan",4
88696840,"Bantam Conan",5
88696849,"Bantam Conan",6
88696867,"Bantam Conan",7
88696879,"Dragonriders of Pern",4.5
88696947,"Lord of the Isles",1
88696990,"Lord of the Isles",3
88697001,"Lord of the Isles",4
88697012,"Lord of the Isles",5
88697022,"Lord of the Isles",6
88697033,"Lord of the Isles",7
88697046,"Lord of the Isles",8
88697056,"Lord of the Isles",9
88701741,Dancer,2
88701781,Dancer,1
88701795,Dancer,3
88701880,"Song of Earth",0
88702138,"Man-Kzin Wars",2
88702218,"Chronicles of an Age of Darkness",1
88702265,"Chronicles of an Age of Darkness",3
88702368,"Chronicles of an Age of Darkness",2
88702426,"Chronicles of an Age of Darkness",10
88702431,"Chronicles of an Age of Darkness",4
88702433,"Chronicles of an Age of Darkness",5
88702436,"Chronicles of an Age of Darkness",6
88702440,"Chronicles of an Age of Darkness",7
88702443,"Chronicles of an Age of Darkness",8
88702446,"Chronicles of an Age of Darkness",9
88703671,"Power and the Pattern",1
88703687,"Power and the Pattern",2
88703722,"Power and the Pattern",3
88703917,Ilium-Olympos,1
88703949,Ilium-Olympos,2
88703990,Evergence,2
88704025,Evergence,3
88704063,Evergence,1
88704419,"G.O.D. Inc.",2
88704452,"G.O.D. Inc.",1
88704490,"G.O.D. Inc.",3
88704577,"Dancing Gods",2.1
88704603,"Dancing Gods",3
88704630,"Dancing Gods",5
88704640,"Dancing Gods",4
88704657,"Changewinds Saga",1
88704661,"Changewinds Saga",2
88704677,"Changewinds Saga",3
88704698,"Four Lords of the Diamond",4
88704708,"Four Lords of the Diamond",3
88704718,"Four Lords of the Diamond",2
88704728,"Four Lords of the Diamond",1
88704742,"Soul Rider",5
88704754,"Soul Rider",4
88704786,"Soul Rider",3
88704878,"Soul Rider",2
88704896,"Soul Rider",1
88704981,"Well World Saga",5
88705050,"Well World Saga",4
88705061,"Well World Saga",3
88705076,"Well World Saga",2
88705095,"Well World Saga",1
88742388,Celydonn,2
88742396,Celydonn,3
88742407,Celydonn,1
88742498,Celydonn,4
88742499,Celydonn,5
88742500,Celydonn,6
88742560,"Rama Universe",3
88742640,"Rama Universe",6
88742661,"Rama Universe",5
88742702,"Rama Universe",1
88742750,"Rama Universe",2
88742797,"Rama Universe",4
88743055,"Apprentice Adept",7
88743094,"Apprentice Adept",6
88743103,"Apprentice Adept",5
88743132,"Apprentice Adept",4
88743196,"Apprentice Adept",3
88743233,"Apprentice Adept",2
88743285,"Apprentice Adept",1
88743472,Mode,1
88743513,Mode,2
88743569,Mode,3
88743627,Mode,4
88743764,"Of Man and Manta",3
88743813,"Of Man and Manta",2
88743846,"Of Man and Manta",1
88743894,Cluster,1
88743949,Cluster,2
88743980,Cluster,5
88744071,"Bio of a Space Tyrant",3
88744102,"Bio of a Space Tyrant",4
88744135,"Bio of a Space Tyrant",5
88744148,"Incarnations of Immortality",3
88744156,"Incarnations of Immortality",1
88744166,"Incarnations of Immortality",2
88744176,"Incarnations of Immortality",4
88744189,"Incarnations of Immortality",7
88744195,"Incarnations of Immortality",5
88744202,"Incarnations of Immortality",6
88744235,"The Hitchhiker's Guide to the Galaxy",3
88744238,"The Hitchhiker's Guide to the Galaxy",4
88744243,"The Hitchhiker's Guide to the Galaxy",1
88744248,"The Hitchhiker's Guide to the Galaxy",2
88744251,"The Hitchhiker's Guide to the Galaxy",5
88744256,"The Hitchhiker's Guide to the Galaxy",7
88744275,"The Hitchhiker's Guide to the Galaxy",6
88744332,Gamearth,2
88744340,Gamearth,3
88744352,"The First Chronicles of Thomas Covenant",3
88744361,"The Second Chronicles of Thomas Covenant",3
88744377,"The Second Chronicles of Thomas Covenant",2
88744396,"The First Chronicles of Thomas Covenant",2
88744407,"The First Chronicles of Thomas Covenant",1
88744419,"The Second Chronicles of Thomas Covenant",1
88744447,"The Last Chronicles of Thomas Covenant",1
88744450,"The Last Chronicles of Thomas Covenant",2
88744452,"The Last Chronicles of Thomas Covenant",3
88744527,"Gap Series",1
88744549,"Gap Series",2
88744566,"Gap Series",5
88744585,"Gap Series",4
88744607,"Gap Series",3
88744654,"The Malloreon",2
88744673,"The Malloreon",5
88744684,"The Malloreon",4
88744696,"The Malloreon",3
88744715,"Arthur C. Clarke's Venus Prime",6
88744715,"The Tamuli",2
88744722,"The Tamuli",1
88744736,"The Elenium",1
88744747,"The Tamuli",3
88787715,"Cat Scratch",1
88787725,"Cat Scratch",2
88788385,"Niven and Pournelle's Buck Rogers",2
88788762,"Niven and Pournelle's Buck Rogers",1
88789045,"Niven and Pournelle's Buck Rogers",3
88789123,"Niven and Pournelle's Buck Rogers",4
88789307,"Dies Irae",2
88789371,"Dies Irae",1
88789500,"Dies Irae",3
88789673,"Across Realtime",2
88789685,"Across Realtime",1
88789712,Heorot,2
88789865,Heorot,1
88790066,Darksword,3
88790102,Antares,1
88790148,Antares,2
88790157,Antares,3
88790278,Tetragrammaton,2
88790291,Tetragrammaton,1
88790301,Tetragrammaton,3
88790320,"The History of the Runestaff",3
88816715,Bloodsport,2
88816747,Bloodsport,1
88816784,"The Star Stone",1
88816792,"The Star Stone",2
88816815,"The Dragon Quartet",1
88816831,"The Dragon Quartet",2
88816848,"The Dragon Quartet",3
88816864,"The Dragon Quartet",4
88828095,"Second Commonwealth War",1
88828118,"Second Commonwealth War",3
88828119,"Second Commonwealth War",2
88828275,"Dragonlance: Tales",2
88828351,"Dragonlance: Tales",1
88828356,"Dragonlance: Tales",3
88828430,"The Heritage of Shannara",2
88828579,"The Unschooled Wizard",2
88828606,Dune,3
88828676,"Cybernetic Samurai",1
88828686,"Cybernetic Samurai",2
88828701,"Jurassic Park",1
88828714,"Jurassic Park",2
88865385,Riverworld,100
88865392,Riverworld,1
88865395,Riverworld,5
88865404,Riverworld,3
88865416,Riverworld,4
88865503,Riverworld,2
88865509,Riverworld,90
88865524,Riverworld,100
88866065,"Witch World - publication order",7
88866109,Arto,3
88866169,Gendering,1
88866178,"Galactic Collectivity",2
88907227,"The Godwars",3
88907227,"The Immortals Quartet",1
88907237,"The Immortals Quartet",2
88907239,"The Immortals Quartet",3
88907240,"The Immortals Quartet",4
88907258,Fenrille,3
88907260,Fenrille,4
88908496,"League of Peoples",1
88908551,"League of Peoples",2
88908552,"League of Peoples",3
88908556,"League of Peoples",4
88908558,"League of Peoples",5
88908561,"League of Peoples",6
88908564,"League of Peoples",7
88908583,"Mageborn Exiles",2
88908589,"Mageborn Exiles",1
88908597,"Mageborn Exiles",3
88908996,"Fallen Cloud Saga",3
88909079,"Fallen Cloud Saga",2
88909090,"Fallen Cloud Saga",4
88909528,"Fallen Cloud Saga",1
88909950,Peacemakers,2
88909965,Peacemakers,1
88909972,"Artifacts of Power",1
88909980,"Artifacts of Power",2
88909981,"Artifacts of Power",3
88909982,"Artifacts of Power",4
88909989,"Forgotten Realms: The Empires Trilogy",1
88909996,"Forgotten Realms: The Empires Trilogy",2
88909998,"Forgotten Realms: The Empires Trilogy",3
88909998,Starfire,2
88910010,"Future History of the Polesotechnic League",7
88910019,"Future History of the Polesotechnic League",6
88910020,"Future History of the Polesotechnic League",5
88910022,"Future History of the Polesotechnic League",4
88910024,"Future History of the Polesotechnic League",3
88910025,"Future History of the Polesotechnic League",2
88910026,"Future History of the Polesotechnic League",1
88910061,"Xeelee Sequence",1
88910065,"Xeelee Sequence",3
88910071,"Xeelee Sequence",4
88910078,"Xeelee Sequence",2
88910081,"Xeelee Sequence",5
88910083,"Destiny's Children",1
88910089,"Destiny's Children",2
88910097,"Destiny's Children",3
88910104,"Destiny's Children",4
88910111,"Xeelee Sequence",10
88910132,"Liaden Universe",15
88910137,"Liaden Universe",2
88910144,Dahak,1
88910147,Dahak,3
88910154,Dahak,2
88910165,"Captain Lannat",1
88910182,"Captain Lannat",2
88910199,"Thieves' World",9
88910206,"Thieves' World",7
88910214,"Thieves' World",8
88910225,"Thieves' World",1
88910228,"Thieves' World",2
88910240,"Thieves' World",4
88910247,"Thieves' World",5
88910249,"Thieves' World",6
88910256,"Thieves' World",10
88910262,"Thieves' World",3
88910273,Darkover,15
88910278,"Dark Border",2
88910286,Darkover,12
88910296,Darkover,4
88910308,Darkover,5
88910319,Darkover,9
88937167,Parsival,2
88937190,Parsival,1
88937201,Parsival,3
88937209,Parsival,4
88937223,"Land of the True Game: Jinian",1
88937240,"Land of the True Game: Jinian",2
88937499,"Land of the True Game: Jinian",3
88937936,"Wizard of Yurt",1
88937967,"Wizard of Yurt",2
88937984,"Wizard of Yurt",3
88937999,"Wizard of Yurt",4
88938008,"Wizard of Yurt",5
88938020,"Wizard of Yurt",6
88938031,"Falkenberg's Legion",2
88938067,CoDominium,3
88938075,CoDominium,2
88938087,"Falkenberg's Legion",1
88938094,"Falkenberg's Legion",3
88938100,"Falkenberg's Legion",4
88938118,"Chronos/The Austins",8
88938202,Janissaries,2
88938205,Janissaries,3
88938211,"War World",1
88938305,"Pools Series",2
88938331,"Forgotten Realms: Pools",1
88938332,"Forgotten Realms: Pools",3
88938333,"Forgotten Realms: Pools",4
88938365,"Forgotten Realms: Shandril's Saga",1
88938383,"Forgotten Realms: Shandril's Saga",3
88938392,"Forgotten Realms: Harpers",9
88938422,"Beast Master - Hosteen Storm",2
88938455,"Beast Master - Hosteen Storm",1
88938465,"Beast Master - Hosteen Storm",3
88938479,"Beast Master - Hosteen Storm",4
88938493,"Beast Master - Hosteen Storm",5
88938509,"Chronos/The Austins",5
88938537,"The Monarchies of God",4
88938561,"The Monarchies of God",1
88938567,"The Monarchies of God",2
88938582,"The Monarchies of God",3
88938586,"The Monarchies of God",5
88938606,"Area 51",1
88938622,"Area 51",8
88938654,"Area 51",2
88938657,"Area 51",3
88938658,"Area 51",4
88938659,"Area 51",5
88938661,"Area 51",6
88938662,"Area 51",7
88938663,"Area 51",9
88945430,Xanth,23
88945435,Xanth,11
88945484,Xanth,2
88945490,Xanth,3
88945505,Xanth,1
88945513,Xanth,4
88945524,Xanth,5
88945538,Xanth,6
88945556,Xanth,7
88945568,Xanth,9
88945575,Xanth,10
88945701,Xanth,12
88945716,Xanth,13
88945878,Xanth,14
88945883,Xanth,15
88945895,Xanth,16
88945898,Xanth,17
88945905,Xanth,18
88945917,Xanth,20
88950744,"Windrose Chronicles",1
88950768,"The Unschooled Wizard",1
88950773,"The Unschooled Wizard",3
88950801,Darwath,2
88950807,Darwath,1
88950814,Darwath,3
88950831,Darwath,4
88950834,Darwath,5
88950837,"Sun-Cross series",1
88950842,"Sun-Cross series",2
88950851,"Coldfire Trilogy",2
88950855,"Coldfire Trilogy",1
88950861,"Coldfire Trilogy",3
88950871,"Forbidden Borders",1
88950881,"Forbidden Borders",2
88950917,"Star Risk",4
88950922,"Star Risk",3
88950924,"Star Risk",2
88950930,"Star Risk",1
88950947,"Powers of Light",2
88950953,"Powers of Light",3
88950958,"Powers of Light",1
88950993,"Laurie Jo Hansen",1
88951003,"Laurie Jo Hansen",2
88951080,"Catteni/Freedom Series",4
88951084,"Catteni/Freedom Series",3
88951093,"Catteni/Freedom Series",2
88951101,"Catteni/Freedom Series",1
88951133,"Sorcerer's Lady",2
88951137,"Sorcerer's Lady",3
88951143,"Sorcerer's Lady",1
88951191,"Petaybee Extended",3
88951198,"Petaybee Extended",2
88951203,"Petaybee Extended",1
88951214,"Petaybee Extended",4
88951220,"Arthur C. Clarke's Venus Prime",2
88951220,"Petaybee Extended",5
88951221,"Petaybee - Twins of Petaybee",3
88951226,"Unicorn Quest",4
88951232,"Unicorn Quest",3
88951241,"Unicorn Quest",2
88951249,"Unicorn Quest",1
88951268,"Book of Lost Swords",3
88951274,"Book of Lost Swords",4
88951280,"Book of Lost Swords",5
88951292,"Book of Lost Swords",6
88951297,"Book of Lost Swords",7
88951310,"Book of Lost Swords",8
88951328,"Ice Mage",1
88951334,"Ice Mage",2
88967555,"Dragon Prince",3
88967580,"Dragon Prince",2
88967592,"Dragon Prince",1
88967613,"Dragon Star",4
88967630,"Dragon Star",5
88967650,"Dragon Star",6
88967703,"The Golden Key",1
88967721,"The Golden Key",0
88967906,"The Chronicles of the Deryni",2
88967920,"The Chronicles of the Deryni",1
88967945,"The Chronicles of the Deryni",3
88967961,"The Legends of Camber of Culdi",1
88967980,"The Legends of Camber of Culdi",2
88968006,"The Legends of Camber of Culdi",3
88968035,"The Histories of King Kelson",1
88968052,"The Histories of King Kelson",2
88968067,"The Histories of King Kelson",3
88968295,"Saga of the Exiles",4
88968325,"Saga of the Exiles",3
88968347,"Saga of the Exiles",2
88968394,"Saga of the Exiles",1
88968426,"Galactic Milieu",3
88968467,"Galactic Milieu",2
88968500,"Galactic Milieu",1
88968527,Intervention,0
88968584,"Space Trilogy",1
88968601,"Space Trilogy",3
88968620,"Space Trilogy",2
88968856,"Sword of Truth",1
88968866,"Sword of Truth",2
88968878,"Sword of Truth",3
88968896,"Sword of Truth",4
88968926,"Sword of Truth",5
88968951,"Sword of Truth",6
88968975,"Sword of Truth",7
88969003,"Sword of Truth",9
88969546,"Chronicles of Amber",6
88969563,"Chronicles of Amber",7
88969586,"Chronicles of Amber",8
88969589,"Chronicles of Amber",10
88969646,"Fafhrd and the Gray Mouser",110
88975278,"Moondark Saga",2
88975290,"Moondark Saga",1
88975301,"Moondark Saga",3
88975310,Brainships,1
88975329,"The Founding of the Commonwealth",1
88975332,"The Founding of the Commonwealth",2
88975339,"The Founding of the Commonwealth",3
88975347,"The Martian Race",1
88975350,"The Martian Race",2
88975356,"Ender's Game",1
88975373,"Ender's Game",4
88975377,"Ender's Game: Extended",5
88975378,"Ender's Game: Extended",6
88975381,"Ender's Game: Extended",7
88975387,"Ender's Game: Extended",8
88975389,"Ender's Game: Extended",10
88975391,"Ender's Game",0.5
88975393,"Ender's Game",1.5
88975394,"Ender's Game",2
88975398,"Ender's Game: Extended",9
88990719,Metaplanetary,1
88991569,"The Last Legion",4
88991577,"The Last Legion",2
88991593,"The Last Legion",1
88991607,"The Last Legion",3
88992813,"Forge of God",2
88992836,"Forge of God",1
88992882,"The Magic Kingdom of Landover",1
88992905,"The Magic Kingdom of Landover",2
88992961,"The Magic Kingdom of Landover",5
88992976,"The Magic Kingdom of Landover",4
88992989,"The Magic Kingdom of Landover",6
88993009,"The Magic Kingdom of Landover",3
88993022,Imajica,2
88993044,Imajica,1
88997050,"Heirs to Gnarlsmyre",1
88997073,"Heirs to Gnarlsmyre",2
88997151,"Jani Kilian",1
88997201,"Jani Kilian",2
88997227,"Jani Kilian",3
88997250,"Jani Kilian",4
88997337,"Maximum Ice",2
88997356,"Maximum Ice",1
88997511,"Magic Series: Andre Norton",1
88997535,"Magic Series: Andre Norton",4
88997540,"Magic Series: Andre Norton",4.5
88997546,"Magic Series: Andre Norton",5
88997553,"Magic Series: Andre Norton",6
88997576,"Time Master",3
88997600,"Time Master",1
88997619,"Time Master",2
88997763,"Dragon King Trilogy",1
88997780,"Dragon King Trilogy",2
88997799,"Dragon King Trilogy",3
89000404,"Videssos Books",9
89000419,"Videssos Books",8
89000439,"Videssos Books",10
89000462,"Videssos Books",11
89000472,"The Sarantine Mosaic",1
89000487,"The Sarantine Mosaic",2
89000499,"Watchers at the Well",1
89000514,"Watchers at the Well",2
89000525,"Watchers at the Well",3
89000550,"Well of Souls",9
89000561,"Well of Souls",10
89000844,"The Riddle-Master Trilogy",3
89000861,"The Riddle-Master Trilogy",1
89000875,"The Riddle-Master Trilogy",2
89002154,"The World of the Alfar",4
89002166,"The World of the Alfar",5
89002186,"The World of the Alfar",3
89002201,"The World of the Alfar",1
89002203,"The World of the Alfar",2
89002205,"The World of the Alfar",6
89002229,"The Wizard's War",3
89002244,"The Wizard's War",4
89002362,"Quintara Marathon",3
89002375,"Quintara Marathon",2
89002413,"Quintara Marathon",1
89002455,"Mag Force 7",1
89002464,"Mag Force 7",2
89002472,"Mag Force 7",3
89002518,"The Omar Books",2
89002535,"The Omar Books",1
89032436,"Rings of the Master",4
89032452,"Rings of the Master",3
89032468,"Rings of the Master",2
89032483,"Rings of the Master",1
89065459,"David Sullivan",3
89065467,"Neweden series",1
89065471,"Neweden series",2
89065473,"Neweden series",3
89065477,"David Sullivan",1
89065486,"The First North Americans",4
89065492,"David Sullivan",2
89065516,Exordium,2
89065544,"The First North Americans",3
89065701,Ringworld,1
89065751,Ringworld,2
89188777,Exordium,1
89188795,Exordium,3
89188799,Exordium,4
89188802,Exordium,5
89188902,"The First North Americans",2
89188931,Starfire,3
89188968,Starfire,1
89188975,Starfire,4
89188977,Starfire,5
89188981,Starfire,6
89189039,"Tir Alainn Trilogy",1
89189060,"Tir Alainn Trilogy",2
89189062,"Tir Alainn Trilogy",3
89190095,"Isaac Asimov's Robot Series",0.5
89190173,"Isaac Asimov's Robot Series",3
89190215,"Isaac Asimov's Robot Series",5
89190271,Foundation,7
89190299,Foundation,8
89190344,Foundation,9
89190364,"Second Foundation Trilogy",11
89190376,Foundation,10
89190395,"Second Foundation Trilogy",12
89190414,"Second Foundation Trilogy",13
89190442,Foundation,1
89190442,Valdemar,27
89190462,Foundation,2
89190483,Foundation,3
89190510,Foundation,4
89190528,Foundation,5
89190593,Foundation,6
89190617,"Twilight's Kingdoms",3
89190627,"Twilight's Kingdoms",2
89190630,"Twilight's Kingdoms",1
89190650,Avalon,0
89190672,Avalon,1
89190674,Avalon,2
89190677,Avalon,3
89190678,Avalon,4
89190679,Avalon,5
89190681,Avalon,6
89190683,Avalon,7
89190839,Sprawl,0
89190866,Sprawl,1
89190867,Sprawl,2
89190868,Sprawl,3
89190907,"The Dark Tower",1
89190912,"The Dark Tower",2
89190918,"The Dark Tower",3
89190923,"The Dark Tower",4
89190927,"The Dark Tower",4.5
89190940,"The Dark Tower",5
89190943,"The Dark Tower",6
89190945,"The Dark Tower",7
89190958,"Lazarus Long",3
89190982,"The Arthurian Merlin Saga",3
89190993,"The Arthurian Merlin Saga",2
89190995,"The Merlin Trilogy",1
89191002,"The Arthurian Merlin Saga",4
89191008,"The Arthurian Merlin Saga",5
89191024,"The Lord of the Rings",1
89191070,Darkover,28
89191087,"The Last of the Renshai",1
89191110,"The Last of the Renshai",2
89191114,"The Last of the Renshai",3
89191117,"Renshai Saga",4
89191118,"Renshai Saga",5
89191121,"Renshai Saga",6
89191157,Chalion,1
89191162,Chalion,2
89191167,Chalion,3
89191213,"Dragonlance: The Meetings Sextet",1
89191220,"Dragonlance: The Meetings Sextet",2
89191225,"Dragonlance: The Meetings Sextet",3
89191226,"Dragonlance: The Meetings Sextet",4
89191229,"Dragonlance: The Meetings Sextet",5
89191230,"Dragonlance: The Meetings Sextet",6
89191267,Darkover,31
89191281,Yngling,2
89191288,Yngling,1
89191295,Yngling,3
89191298,Yngling,4
89191352,"Krishna series",2
89191362,"Krishna series",1
89191373,"Krishna series",2.5
89191382,"Krishna series",3
89191387,"Krishna series",4
89191426,"Viagens Interplanetarias",6
89191440,"Krishna series",7
89191447,"Krishna series",3
89191457,"Krishna series",8
89191526,Outposter,2
89191572,"Thieves' World",45
89199578,"The Lord of the Rings",0.5
89199597,Wizardry,1
89199599,Wizardry,5
89199602,Wizardry,2
89199608,Wizardry,3
89199613,Wizardry,4
89199626,"Darkness series",3
89199642,"Darkness series",1
89199647,"Darkness series",2
89199650,"Darkness series",4
89199657,"Darkness series",5
89199662,"Darkness series",6
89199681,"Man-Kzin Wars",6
89199914,"Norby, the Mixed-Up Robot",2
89199920,"Norby, the Mixed-Up Robot",1
89199921,"Norby, the Mixed-Up Robot",3
89199924,"Norby, the Mixed-Up Robot",4
89199925,"Norby, the Mixed-Up Robot",5
89199928,"Norby, the Mixed-Up Robot",6
89199932,"Norby, the Mixed-Up Robot",7
89199936,"Norby, the Mixed-Up Robot",8
89199941,"Uplift Saga",2
89199958,Colossus,1
89199963,Colossus,2
89199967,Colossus,3
89199974,"Boreal Moon Tale",2
89199980,"Boreal Moon Tale",1
89199983,"Boreal Moon Tale",3
89199988,"Myth Adventures",6
89200009,"Weber's Fury",2
89200012,"A Song of Ice and Fire",1
89200023,"A Song of Ice and Fire",2
89200025,"A Song of Ice and Fire",3
89200029,"A Song of Ice and Fire",4
89200034,"A Song of Ice and Fire",5
89200067,"Slow Freight",3
89200102,Stormlands,2
89200112,Stormlands,1
89200117,Stormlands,3
89200123,Stormlands,4
89200124,Stormlands,5
89200137,"Isaac Asimov's Robot Series",4
89200143,"Myth Adventures",4
89200147,"Isaac Asimov's Robot Series",2
89200160,"Time Scout",3
89200163,"Time Scout",1
89200164,"Time Scout",2
89200166,"Time Scout",4
89200200,"Camulod Chronicles",4
89200205,"Camulod Chronicles",1
89200207,"Camulod Chronicles",2
89200211,"Camulod Chronicles",3
89200217,"Camulod Chronicles",5.1
89200222,"Camulod Chronicles",5.2
89200227,"Camulod Chronicles",7
89200230,"Camulod Chronicles",8
89200246,"Camulod Chronicles",9
89200268,"Mind Light",1
89200273,"Mind Light",2
89200294,"NASA Trilogy",3
89200296,"NASA Trilogy",1
89200297,"Gaean Trilogy",1
89200297,"Grand Tour",16
89200297,"NASA Trilogy",2
89200358,"The Celtic Crusades",1
89200364,"The Celtic Crusades",2
89200370,"The Celtic Crusades",3
89215896,"Chronicles of the King's Blades",3
89215933,"Chronicles of the King's Blades",1
89215950,"Chronicles of the King's Blades",2
89215987,"Tales of the King's Blades",3
89216011,"Tales of the King's Blades",2
89216028,"Tales of the King's Blades",1
89216062,"The King's Daggers",1
89216072,"The King's Daggers",2
89216083,"The King's Daggers",3
89216103,"The King of Ys",1
89216114,"The King of Ys",4
89216122,"The King of Ys",2
89216151,"The King of Ys",3
89216247,"Wold Newton Universe",1
89216267,"Doc Savage",0
89216280,"Wold Newton Universe",2
89216286,"Wold Newton Universe",3
89216547,"The Conquerors Saga",3
89216570,"The Conquerors Saga",1
89216588,"The Conquerors Saga",2
89216615,Stars,1
89216682,"Time Patrol",91
89216743,Oron,2
89216755,Oron,1
89216762,Oron,3
89216769,Oron,4
89216775,Oron,5
89217020,"Harry Potter",3
89217052,"Harry Potter",1
89217078,"Harry Potter",2
89217237,"Thousand Cultures",1
89217274,"Thousand Cultures",2
89217292,"Thousand Cultures",3
89217656,"Majipoor: Chronological",2
89217698,"Mages of Garillon",3
89217941,Sime/Gen,4
89218105,Sime/Gen,5
89218108,Sime/Gen,9
89218111,Sime/Gen,1
89218115,Sime/Gen,10
89218121,Sime/Gen,2
89218126,Sime/Gen,11
89218135,Sime/Gen,6
89218190,"Ghatti's Tale",2
89218199,"Ghatti's Tale",1
89218206,"Ghatten's Gambit",1
89218210,"Ghatten's Gambit",2
89218266,"War of the Wizards",1
89218279,"War of the Wizards",2
89218298,"War of the Wizards",3
89219060,"Memory, Sorrow and Thorn",3.1
89219079,"Memory, Sorrow and Thorn",3.2
89219108,"Memory, Sorrow and Thorn",1
89219114,"Memory, Sorrow and Thorn",2
89219304,"Avatar Dance",1
89219319,"Avatar Dance",3
89219332,"Avatar Dance",2
89219351,"The Interstellar Defense League",1
89219680,"Alien Ecology",2
89219695,"Alien Ecology",1
89219956,"Kane & Pendrake",2
89219961,"Kane & Pendrake",1
89219964,"Kane & Pendrake",3
89220068,"Watership Down",1
89220082,"Watership Down",2
89223391,Orsinia,2
89223405,Orsinia,1
89223471,"Cadence Drake",1
89223495,"The Vikings",3
89223507,"The Vikings",2
89223521,"The Vikings",4
89223644,"II Galaxy",2
89223719,"Nova Roma",1
89223723,"Nova Roma",2
89223730,"Tor Double",10
89223754,"After Such Knowledge",3
89223775,"Instrumentality of Mankind",5
89223844,"Forever War",1
89223855,"Forever War",2
89223859,"Forever War",3
89223881,Ardellan,2
89223891,Ardellan,1
89223908,Ardellan,3
89223908,"LaNague Federation Series",3
89224055,"Dragonlance: Preludes",1
89224071,"Dragonlance: Preludes",2
89224089,"Dragonlance: Preludes",3
89224109,"Dragonlance: Preludes II",3
89224110,"Dragonlance: Preludes II",2
89224111,"Dragonlance: Preludes II",1
89224170,"Smoke Ring",2
89224175,"Smoke Ring",3
89224183,"The State",1
89224219,"The Latium trilogy",3
89224297,"David Sullivan",7
89224309,"David Sullivan",4
89224310,"David Sullivan",5
89224311,"David Sullivan",6
89224312,"David Sullivan",8
89224314,"David Sullivan",9
89224344,"Tales of the Galactic Midway",2
89224348,"Tales of the Galactic Midway",1
89224353,"Tales of the Galactic Midway",3
89224358,"Tales of the Galactic Midway",4
89224378,Fuzzies,0
89224388,Fuzzies,3
89224411,"Hammer's Slammers",3
89255426,"The Elric Saga",4
89255458,"The Elric Saga",1
89255475,"The Elric Saga",2
89255488,"The Elric Saga",3
89255514,"The Elric Saga",5
89255522,"The Elric Saga",6
89255542,"The Dancers at the End of Time",6
89255548,"The Eternal Champion",2
89255556,"The Eternal Champion",5
89255565,"The Eternal Champion",7
89255579,"The Eternal Champion",8
89255591,"The Eternal Champion",9
89255598,"The Tale of the Eternal Champion",11
89255770,"The First North Americans",1
89255787,"The First North Americans",6
89255791,"The First North Americans",7
89255793,"The First North Americans",8
89255794,"The First North Americans",9
89255797,"The First North Americans",10
89255799,"The First North Americans",11
89255800,"The First North Americans",12
89255804,"The First North Americans",13
89255807,"The First North Americans",14
89255809,"The First North Americans",15
89255811,"The First North Americans",16
89255836,"Witch World - publication order",4
89255846,"Silver Metal Lover",1
89255851,"Slow Freight",2
89255862,"Slow Freight",1
89255882,Santiago,1
89255888,Santiago,2
89255893,"Far Future History",1
89255901,"The King Series",1
89255910,"The King Series",2
89255913,"The King Series",3
89255945,"Witch World - High Hallack",11
89255959,"Slow Freight",4
89255970,"Witch World - publication order",9
89255978,"Witch World - High Hallack",14
89256254,"Terran Empire",1
89256260,"Saga of Dominic Flandry",4
89256265,"Terran Empire",5
89256268,"Saga of Dominic Flandry",7
89256269,"Terran Empire",8
89256271,"Terran Empire",8
89256272,"Terran Empire",9
89280641,"Unicorn Quest",5
89280673,"Forbidden Borders",3
89280872,"The Spider Trilogy",2
89280898,"The Spider Trilogy",3
89280922,"The Spider Trilogy",1
89280989,"The Book of Words",3
89281006,"The Book of Words",1
89281019,"The Book of Words",2
89281079,"Guardians of the Three",4
89281097,"Guardians of the Three",3
89281171,"Guardians of the Three",2
89281199,"Guardians of the Three",1
89283526,"Caithan Crusade",1
89283548,"Caithan Crusade",2
89283561,"Caithan Crusade",3
89283574,"Caithan Crusade",4
89285883,"Circle of Light",4
89285896,"Circle of Light",3
89285903,"Circle of Light",2
89285911,"Circle of Light",1
89285934,"The Fall of the First World",3
89285940,"The Fall of the First World",2
89285943,"The Fall of the First World",1
89286002,"Ngu Family Saga",1
89286018,"North American Confederacy",1
89286050,Pilgrim,2
89286066,"Mask of the Sun",1
89286075,"Mask of the Sun",2
89286094,"The Seventh Sword",1
89286109,"The Seventh Sword",4
89286110,"The Seventh Sword",2
89286111,"The Seventh Sword",3
89286145,Tharthee,2
89286150,Tharthee,1
89286396,"Book of Swords",1
89286402,"Book of Swords",2
89286410,"Book of Swords",3
89286419,"Book of Lost Swords",1
89286424,"Book of Lost Swords",2
89286438,"Book of Swords",4
89286453,"Empire of the East",1
89286459,"Ardneh's World",4
89286460,"Empire of the East",3
89286461,"Empire of the East",2
89286559,"Phule's Company",2
89286564,"Phule's Company",1
89286571,"Phule's Company",3
89286573,"Phule's Company",4
89286576,"Phule's Company",5
89286580,"Phule's Company",6
89286596,"Myth Adventures",9
89286600,"Myth Adventures",8
89286603,"Myth Adventures",2
89286608,"Myth Adventures",7
89286612,"Myth Adventures",5
89286616,"Myth Adventures",3
89286620,"Myth Adventures",1
89286631,"Myth Adventures",10
89286632,"Myth Adventures",11
89286633,"Myth Adventures",12
89286635,"Myth Adventures",13
89286638,"Myth Adventures",14
89286645,"Myth Adventures",16
89286647,"Myth Adventures",17
89286651,"Myth Adventures",18
89286654,"Myth Adventures",19
89286655,"Myth Adventures",15
89323897,"Bio of a Space Tyrant",2
89323917,"Bio of a Space Tyrant",6
89323921,"Bio of a Space Tyrant",1
89324109,"Hyperion Cantos",1
89324114,"Hyperion Cantos",2
89324119,"Hyperion Cantos",4
89324124,"Hyperion Cantos",3
89324142,"Rose of the Prophet",1
89324152,"Rose of the Prophet",2
89324165,"Rose of the Prophet",3
89324172,"Star of the Guardians",1
89324181,"Star of the Guardians",2
89324186,"Star of the Guardians",3
89324200,"Star of the Guardians",4
89356736,Gamearth,1
89357145,"The Reluctant King",1
89357160,"The Reluctant King",2
89357172,"The Reluctant King",4
89357187,Novaria,3
89357194,Novaria,5
89357382,"The Odyssey Sequence",4
89357392,"The Odyssey Sequence",3
89357399,"The Odyssey Sequence",2
89357409,"The Odyssey Sequence",1
89357416,"The Odyssey Sequence",1.5
89357432,Soulsmith,1
89357441,Soulsmith,3
89357452,Soulsmith,2
89357592,"The Elenium",2
89357604,"The Elenium",3
89357753,"The Malloreon",1
89357806,Darksword,1
89357831,Darksword,2
89357838,Darksword,4
89357842,Darksword,999
89357970,Cluster,4
89357975,Cluster,3
89358004,"The Lord of the Rings",0.1
89358014,"The Lord of the Rings",2
89358022,"The Lord of the Rings",3
89376759,"Exiles Saga",1
89376780,"Exiles Saga",2
89376828,"The Godwars",2
89376850,"The Godwars",1
89377166,"The Kingdoms",3
89377192,"The Kingdoms",2
89377212,"The Kingdoms",1
89377385,"Majipoor: Publication",1
89377409,"Majipoor: Chronological",2
89377420,"Majipoor: Chronological",3
89377445,"Majipoor: Chronological",4
89377448,"Majipoor: Chronological",5
89377454,"Majipoor: Chronological",6
89378014,"The Great Game",1
89378036,"The Great Game",2
89378086,"The Great Game",3
89378684,"A Handful of Men",4
89378704,"A Handful of Men",3
89378719,"A Handful of Men",2
89378734,"A Handful of Men",1
89378866,"A Man of His Word",1
89378885,"A Man of His Word",2
89378908,"A Man of His Word",3
89378933,"A Man of His Word",4
89378989,"The Alchemist",1
89378998,"The Alchemist",2
89379002,"The Alchemist",3
89379258,Dune,4
89379269,Dune,1
89379313,Dune,2
89379359,Dune,5
89379393,Dune,6
89437891,"The Dreamers",4
89438255,"Guardians of the Flame",1
89438267,"Guardians of the Flame",2
89438278,"Guardians of the Flame",3
89438285,"Guardians of the Flame",4
89438292,"Guardians of the Flame",5
89438301,"Guardians of the Flame",6
89438312,"Guardians of the Flame",8
89438320,"Guardians of the Flame",7
89438322,"Guardians of the Flame",9
89438326,"Guardians of the Flame",10
89438436,"Jalav/Amazon Warrior",5
89438458,"Jalav/Amazon Warrior",1
89438468,"Jalav/Amazon Warrior",2
89438471,"Jalav/Amazon Warrior",3
89438481,"Jalav/Amazon Warrior",4
89438540,"His Dark Materials",2
89438564,"His Dark Materials",1
89438571,"His Dark Materials",3
89438598,Pendergast,1
89452330,"Riftwar Saga",1
89453673,"Serpentwar Saga",1
89453815,"Serpentwar Saga",2
89454144,"The Riftwar Legacy",1
89454246,"The Riftwar Legacy",2
89454310,"The Riftwar Legacy",3
89454393,"Legends of the Riftwar",2
89470103,"Saga of Recluce",4
89470121,"Chronicles of Amber",9
89470137,"Fafhrd and the Gray Mouser",6
89470166,Isavalta,1
89470210,Isavalta,2
89470229,"Bronson Beta",2
89470243,"Bronson Beta",1
89470271,"Gaean Trilogy",2
89470277,"Gaean Trilogy",3
89470284,Humanoids,2
89470292,Giants,4
89470313,Humanoids,1
89470324,Doomstar,1
89470334,Doomstar,2
89470338,"Saga Of Cuckoo",2
89470348,"The Pendragon Cycle",2
89470349,"The Pendragon Cycle",1
89470361,"The Pendragon Cycle",4
89470367,"The Pendragon Cycle",3
89470376,"The Pendragon Cycle",5
89470385,"The Pendragon Cycle",6
89470395,"Saga Of Cuckoo",1
89470407,"Word and Void Trilogy",1
89470412,"Word and Void Trilogy",2
89470420,"Word and Void Trilogy",3
89470438,"The Heritage of Shannara",1
89470458,"The Heritage of Shannara",3
89470485,"The Heritage of Shannara",4
89470496,"Shannara Trilogy",1
89470504,"Shannara Trilogy",0
89470512,"Shannara Trilogy",2
89470519,"Shannara Trilogy",3
89470529,"Genesis of Shannara",1
89470531,"Genesis of Shannara",2
89470534,"Genesis of Shannara",3
89470539,"Legends of Shannara",1
89470543,"Legends of Shannara",2
89470549,"The Voyage of Jerle Shannara",1
89470551,"The Voyage of Jerle Shannara",2
89470554,"The Voyage of Jerle Shannara",3
89470558,"High Druid of Shannara",1
89470559,"High Druid of Shannara",2
89470563,"High Druid of Shannara",3
89470672,"Arthur C. Clarke's Venus Prime",1
89470694,"Arthur C. Clarke's Venus Prime",3
89470706,"Arthur C. Clarke's Venus Prime",4
89470721,"Arthur C. Clarke's Venus Prime",5
89470799,Isavalta,3
89470807,Isavalta,4
89470813,"Earth's Children",3
89530767,"Craig Kreident",1
89530794,"Craig Kreident",2
89530807,"Craig Kreident",3
89531367,"The Forever King",1
89531374,"The Forever King",2
89531382,"The Forever King",3
89531404,"Knights Templar",1
89531410,"Knights Templar",2
89531415,"Knights Templar",3
89531418,"Knights Templar",4
89531420,"Knights Templar",5
89531425,"Man-Kzin Wars",1
89531452,"Man-Kzin Wars",4
89531480,"Man-Kzin Wars",5
89531500,Trillium,2
89531515,Trillium,1
89531538,Trillium,5
89531541,Trillium,3
89531546,Trillium,4
89531551,"Heroes in Hell",1
89531571,"Heroes in Hell",2
89531574,"Heroes in Hell",3
89531575,"Heroes in Hell",4
89531580,"Heroes in Hell",5
89531586,"Heroes in Hell",6
89531589,"Heroes in Hell",7
89531600,"Heroes in Hell",8
89531606,"Heroes in Hell",9
89531619,"Heroes in Hell",10
89531627,"Heroes in Hell",11
89531692,"Heroes in Hell",12
89531747,"Heroes in Hell",13
89531781,"Frontier Earth",2
89531813,"Frontier Earth",1
89531916,"Sand Wars",6
89531989,"Sand Wars",5
89532035,"Sand Wars",4
89532063,"Sand Wars",3.5
89532350,Aton,1
89532359,Aton,2
89532370,Aton,3
89532392,Aton,4
89532418,"Lord of the Isles",2
89534733,"Holger Danske",1
89534746,"Holger Danske",2
89534769,"Knights of the Blood",2
89534789,"Knights of the Blood",1
89534811,"Dray Prescot",7
89534834,"Dray Prescot",14
89534851,"Dray Prescot",3
89534868,"Dray Prescot",2
89534886,"Dray Prescot",4
89534911,"Dray Prescot",13
89535052,"Dray Prescot",1
89535062,"Dray Prescot",5
89535083,"Dray Prescot",6
89535140,"Dray Prescot",8
89535170,"Dray Prescot",9
89535233,"Dray Prescot",10
89535242,"Dray Prescot",11
89535295,"Dray Prescot",12
89535349,"Dray Prescot",15
89535353,"Dray Prescot",16
89535354,"Dray Prescot",17
89535357,"Dray Prescot",18
89535475,"Dray Prescot",21
89535476,"Dray Prescot",22
89535478,"Dray Prescot",19
89535497,"Dray Prescot",20
89535537,"Dray Prescot",23
89535539,"Dray Prescot",24
89535540,"Dray Prescot",25
89535541,"Dray Prescot",26
89535574,"Dray Prescot",29
89535579,"Dray Prescot",31
89535580,"Dray Prescot",32
89535584,"Dray Prescot",27
89535594,"Dray Prescot",28
89535613,"Dray Prescot",30
89535649,"Dray Prescot",33
89535660,"Dray Prescot",34
89535668,"Dray Prescot",35
89535702,"Dray Prescot",36
89535717,"Dray Prescot",37
89535732,"Dray Prescot",38
89535752,"Dray Prescot",39
89535768,"Dray Prescot",40
89535776,"Dray Prescot",42
89535798,"Dray Prescot",43
89535807,"Die Saga von Dray Pescot",44
89535818,"Dray Prescot",45
89535827,"Dray Prescot",46
89535835,"Dray Prescot",47
89535843,"Dray Prescot",48
89535845,"Dray Prescot",49
89535857,"Dray Prescot",50
89535866,"Dray Prescot",51
89535871,"Dray Prescot",52
89535876,"Dray Prescot",53
89535888,Wingman,6
89535895,Wingman,7
89535898,Wingman,1
89535907,"Dragonriders of Pern",12
89536019,"Dragonriders of Pern",5
89536043,"Dragonriders of Pern",8
89536054,"Dragonriders of Pern",11
89536058,"Dragonriders of Pern",13
89536068,"Dragonriders of Pern",13.5
89536072,"Dragonriders of Pern",14
89536088,"Dragonriders of Pern",15
89536100,"Dragonriders of Pern",16
89536103,"Dragonriders of Pern",17
89536106,"Dragonriders of Pern",18
89536107,"Dragonriders of Pern",19
89536112,"Dragonriders of Pern",20
89536115,"Dragonriders of Pern",21
89536117,"Dragonriders of Pern",22
89536121,"Dragonriders of Pern",23
89536123,"Dragonriders of Pern",24
89536129,"Dragonriders of Pern",25
89562884,Otherland,1
89562912,Otherland,2
89562932,Otherland,3
89562954,Otherland,4
89563039,"Mordant's Need",1
89563090,"Mordant's Need",2
89563135,Blackcollar,2
89563180,Blackcollar,1
89563244,Blackcollar,3
89563287,Cobra,2
89563306,Cobra,1
89563328,Cobra,3
89563365,Cobra,4
89563378,Cobra,5
89563387,Cobra,6
89563433,"Crystal Singer Trilogy",3
89563486,"Crystal Singer Trilogy",2
89563511,"Crystal Singer Trilogy",1
89563566,"The Pelbar Cycle",1
89563599,"The Pelbar Cycle",2
89563628,"The Pelbar Cycle",3
89563658,"The Pelbar Cycle",4
89563677,"The Pelbar Cycle",5
89563702,"The Pelbar Cycle",6
89563745,"The Pelbar Cycle",7
89563809,"Galactic Center",1
89563859,"Galactic Center",2
89563876,"Galactic Center",3
89563906,"Galactic Center",4
89563943,"Galactic Center",5
89563959,"Galactic Center",6
89564012,"The Death Gate Cycle",1
89564040,"The Death Gate Cycle",2
89564061,"The Death Gate Cycle",3
89564078,"The Death Gate Cycle",4
89564111,"The Death Gate Cycle",5
89564134,"The Death Gate Cycle",6
89564141,"The Death Gate Cycle",7
89564203,"The Heirs of Saint Camber",1
89564216,"The Heirs of Saint Camber",2
89564226,"The Heirs of Saint Camber",3
89564249,"The Childe Morgan Trilogy",1
89567776,"The Childe Morgan Trilogy",2
89568068,"The Histories of King Kelson",4
89568474,"Deryni : other",8
89570538,"Uplift Saga",1
89571102,"Uplift Saga",3
89572006,"Uplift Saga",4
89572400,"Uplift Saga",5
89572790,"Uplift Saga",6
89577688,"Isaac Asimov's Robot Series",1
89577824,Foundation,5
89578034,"Asimov's Mirage",1
89578153,"Asimov's Mirage",2
89578277,"Asimov's Mirage",3
89578369,"Isaac Asimov's Robot Mysteries",7
89578875,"Isaac Asimov's Robot Mysteries",1
89579079,"Isaac Asimov's Robot Mysteries",2
89579248,"Isaac Asimov's Robot Mysteries",3
89579390,Foundation,30
89583525,"Tales of the Three Kings",1
89583540,"Tales of the Three Kings",2
89583556,"Tales of the Three Kings",3
89583845,"The Wonderland Gambit",1
89583924,"The Wonderland Gambit",2
89584024,"The Wonderland Gambit",3
90290042,"Sword of Truth",10
90290050,"Sword of Truth",11
90290058,"Sword of Truth",12
90290066,"Sword of Truth",13
90903399,"The Heritage of Shannara",1
90903406,"Dark Legacy of Shannara",24
92260769,"Sword of Truth",10
92838029,"Wars of Light and Shadow",1
92838041,"Wars of Light and Shadow",2
92838044,"Wars of Light and Shadow",3
92838050,"Wars of Light and Shadow",4
92838069,"Wars of Light and Shadow",5
92838074,"Wars of Light and Shadow",6
92838079,"Wars of Light and Shadow",7
92838081,"Wars of Light and Shadow",8
92838089,"Wars of Light and Shadow",9
99527193,"The Belgariad",999
99671966,Disinherited,1
99671996,Disinherited,3
99672014,"Prince of Sunset",2
99672016,"Prince of Sunset",1
101004664,"Ender's Game",3
102212997,Redwall,10
102213021,Redwall,7
103196487,"Chaoswar Saga",3
103198262,"Dragonlance: Heroes",6
103198277,"Dragonlance: Heroes",4
103198285,"Dragonlance: Heroes",5
103364299,"The Three Worlds Cycle",5
103364304,"The Three Worlds Cycle",6
103364309,"The Three Worlds Cycle",7
103364316,"The Three Worlds Cycle",8
103364331,"The View from the Mirror",1
103364342,"The View from the Mirror",2
103364362,"The View from the Mirror",3
103364367,"The View from the Mirror",4
103364380,"The Three Worlds Cycle",9
103364384,"The Three Worlds Cycle",10
103364393,"The Three Worlds Cycle",11
107053548,"Dark Legacy of Shannara",3
108368211,Valdemar,13
108368214,Valdemar,15
108368217,Valdemar,17
108368249,Valdemar,28
108368255,Valdemar,29
108368257,Valdemar,30
108368260,Valdemar,31
108368265,Valdemar,23
108368276,Valdemar,204
108368280,Valdemar,25
108368285,Valdemar,26
108368289,Valdemar,24
108368293,Valdemar,14
108368296,Warriors,4
108368299,Valdemar,16
108368303,Valdemar,18
108368306,Valdemar,19
108368308,Valdemar,21
108368310,Valdemar,22
108607715,"Dragaera: Vlad Taltos",14
108607805,Cyteen,2
108607818,Cyteen,3
108607827,Cyteen,1
108607832,"Alliance-Union: Cyteen",2
108607854,Chanur,100
108607872,"Alliance-Union Universe",100
109210191,"Living Planet",3
109210217,"Living Planet",4
110096035,"Saga of Recluce",17
110493922,"Symphony of Ages",7
111529064,"The Defenders of Shannara",1
111529198,Legends,2.1
111529355,"Grand Tour",50
111529357,"Grand Tour",15
111529521,"Wayfarer Redemption Trilogy",2
111529538,"The Axis Trilogy",1
111529540,"The Axis Trilogy",2
111529543,"The Axis Trilogy",3
111529551,"Wayfarer Redemption Trilogy",1
111529562,"Wayfarer Redemption Trilogy",3
111529569,"Darkglass Mountain",0
111529576,"Darkglass Mountain",1
111529585,"Darkglass Mountain",2
111529587,"Darkglass Mountain",3
111529591,Tencendor,10
111559244,"Halfblood Chronicles",3
111559248,"Halfblood Chronicles",4
111559322,Janissaries,1
111711845,Discworld,40
112604605,"Queen of the Orcs",1
112604617,"Queen of the Orcs",3
112604625,"Queen of the Orcs",2
113302904,Stars,2
113302980,"Fionavar Tapestry",1
113303007,"Fionavar Tapestry",2
113303014,"Fionavar Tapestry",3
114662399,"Videssos Books",1
114662408,"Videssos Books",2
114662411,"Videssos Books",3
114662416,"Videssos Books",4
114662418,"Videssos Books",5
114662420,"Videssos Books",6
114662421,"Videssos Books",7
116227123,Warriors,1
116227125,Warriors,2
116227127,Warriors,3
116227129,Warriors,5
116227133,Warriors,6
116800052,"Revelation Space",6
116800100,"Revelation Space",5
116800119,"Revelation Space",7
116800155,"Revelation Space",1
116800159,"Revelation Space",3
116800169,"Revelation Space",4
116800180,"Revelation Space",2
116800243,"Dragonvarld Trilogy",2
116800256,"Dragonvarld Trilogy",1
116800284,"Dragonvarld Trilogy",3
116800399,Crossroads,2
116800404,Crossroads,1
116800408,Crossroads,3
116800496,"Bardic Voices",1
116800511,"Bardic Voices",2
116800521,"Bardic Voices",3
116800531,"Bardic Voices",4
116800535,"Bardic Voices",5
116800536,"Bardic Voices",100
116800567,"The Liveship Traders",1
116800595,"The Liveship Traders",2
116800602,"The Liveship Traders",3
116800618,"Realm of the Elderlings",0.2
116800626,"Tawny Man Trilogy",1
116800644,"Tawny Man Trilogy",2
116800648,"Tawny Man Trilogy",3
116800660,"The Rain Wilds Chronicles",1
116800663,"The Rain Wilds Chronicles",2
116800667,"The Rain Wilds Chronicles",3
116800678,"The Rain Wilds Chronicles",4
116800684,"Fitz and the Fool Trilogy",1
118409482,"The Farseer Trilogy",1
118409487,"The Farseer Trilogy",2
118409489,"The Farseer Trilogy",3
118409491,"Fitz and the Fool Trilogy",2
118663940,"The Riftwar Legacy",4
119546078,"Deathstalker - Prelude",0
119546138,"The Long Earth",4
119546145,"The Long Earth",1
119546149,"The Long Earth",2
119546154,"The Long Earth",3
120233186,"Old Man's War",2
120233193,"Old Man's War",3
120233201,"Old Man's War",1
120233205,"Old Man's War",5
120233210,"Old Man's War",6
120233220,"Old Man's War",2
120233225,"Parrish Plessis",1
120233234,"Parrish Plessis",3
120233238,"Parrish Plessis",3
120233254,"The Council Wars",2
120233271,"The Council Wars",1
120233275,"The Council Wars",4
120233280,"The Council Wars",1
120233286,"Trade Pact Universe",2
120233302,"Trade Pact Universe",3
120233308,"Trade Pact Universe",3
120233320,Stratification,2
120233331,Stratification,1
120233342,Stratification,3
120233359,"Hawk and Fisher",3
120233365,"Hawk and Fisher",6
120233385,"Hawk and Fisher",0
120731228,"Deathstalker - Prelude",2
120731233,"Deathstalker - Prelude",3
122892070,Faery,1
122892081,Faery,2
122892086,Faery,3
122892090,Faery,4
122892093,Faery,5
124197590,"Adventures of Kate",3
124197621,"Adventures of Kate",2
124197978,Legends,2.2
124430451,Mithgar,16
124430465,"Dragonlance: The Warriors",2
124430471,"Dragonlance: The Warriors",1
124430482,"Dragonlance: The Warriors",3
124430524,"Dragonlance: The Warriors",5
124430533,"Dragonlance: The Warriors",4
124430565,"Dragonlance: The Warriors",6
124430577,"Dragonlance: The Warriors",7
124430636,"Doubled Edge",1
124430651,"Doubled Edge",3
124430657,"Doubled Edge",4
124430663,"Doubled Edge",2
124430668,"Kris Longknife",1
124430700,"Society of Humanity",1
124430722,"Society of Humanity",2
124430724,"Society of Humanity",4
124430747,"Society of Humanity",3
124430760,"Kris Longknife",2
124430800,"Kris Longknife",3
124430819,"Kris Longknife",4
124430876,"Kris Longknife",5
124430895,"Kris Longknife",6
124430984,"Kris Longknife",7
124431009,"Kris Longknife",8
124431015,"Kris Longknife",9
124431022,"Kris Longknife",10
124431029,"Kris Longknife",11
124431039,"Kris Longknife",12
124431045,"Kris Longknife",13
124431051,"Vicky Peterwald",1
124453566,"Sisters of the Raven",1
124453574,"Sisters of the Raven",2
124453586,"Legend of Asahiel",1
124453817,"Legend of Asahiel",2
124453832,"Legend of Asahiel",3
124453912,"The Averalaan Universe",6
124454001,"The Averalaan Universe",1
124454019,"The Averalaan Universe",2
124454062,"The Averalaan Universe",3
124454087,"The Averalaan Universe",4
124454099,"The Averalaan Universe",7
124454102,"The Averalaan Universe",10
124454106,"The Averalaan Universe",11
124454117,"The Averalaan Universe",16
124454123,"The Averalaan Universe",17
124454131,"The Averalaan Universe",18
124454144,"The Age of Fire",6
124454158,"The Age of Fire",1
124454162,"The Age of Fire",2
124454170,"The Age of Fire",3
124454171,"The Age of Fire",4
124454173,"The Age of Fire",5
124454187,"Cycle of Fire",1
124454194,"Cycle of Fire",2
124454198,"Cycle of Fire",3
124454272,Orthe,2
124454278,Orthe,1
124454313,Nightrunner,2
124454317,Nightrunner,1
124454319,Nightrunner,3
124454322,Nightrunner,4
124454329,Nightrunner,5
124454333,Nightrunner,6
124454335,Nightrunner,7
124454340,"The Dodec Books",1
124454345,"The Dodec Books",2
124454380,"The Chaos Chronicles",1
124454393,"The Chaos Chronicles",2
124454395,"The Chaos Chronicles",3
124454397,"The Chaos Chronicles",4
128388423,"Secret Texts",1
128388436,"Secret Texts",0
128388447,"Secret Texts",2
128388453,"Secret Texts",3
129027921,"Sovereign Stone Trilogy",1
129027933,"Sovereign Stone Trilogy",3
129027944,"Sovereign Stone Trilogy",2
129027955,"Colossus Films",1
129289912,"Wold Newton Universe",1
129289925,"Wold Newton Universe",2
129290055,Redwall,9
129290088,Discworld,41
129290142,Redwall,15
130465132,"The Defenders of Shannara",2
131856069,"The Interstellar Defense League",2
131856111,"Weber's Fury",1
134716533,"The Defenders of Shannara",3
